x,true_sigma,predicted_sigma_mean,predicted_sigma_std
0.0,0.26,0.18093228987011425,0.16832807987414972
0.00787366579847066,0.2502554073916276,0.1809305397225341,0.16769431219219488
0.01574733159694132,0.2407081859435515,0.18095179630857147,0.1670798952661697
0.02362099739541198,0.2313616972429356,0.18096334460456565,0.1664267895722561
0.03149466319388264,0.2222190006699512,0.1809653941599637,0.16575722828528486
0.0393683289923533,0.21328285308324663,0.18098608038238923,0.1651183285111143
0.04724199479082396,0.20455570896907546,0.1810404973104373,0.16450984815423408
0.05511566058929462,0.19603972105213963,0.18112064032712802,0.16393998415462893
0.06298932638776528,0.18773674136548943,0.18122388045875618,0.16341505280424076
0.07086299218623593,0.17964832277611598,0.18135643125576753,0.16292968543128505
0.0787366579847066,0.17177572096216892,0.1813172605235431,0.1622770195847737
0.08661032378317726,0.16411989683703634,0.18116955884023608,0.1615206291468499
0.09448398958164791,0.15668151941483824,0.18101355119674575,0.1607813114143964
0.10235765538011857,0.14946096911120424,0.18085278689789097,0.16005666610336616
0.11023132117858923,0.14245834147254163,0.18069602987466923,0.15935888145639232
0.1181049869770599,0.13567345132633993,0.18056287492848802,0.15869734541163039
0.12597865277553055,0.12910583734441558,0.18045168328498892,0.1580644405346898
0.1338523185740012,0.12275476701036839,0.18035368339862518,0.1574477184282956
0.14172598437247186,0.11661924198190388,0.18027031267610763,0.1568568400566934
0.14959965017094254,0.11069800383807418,0.18017621238239848,0.15629485526029913
0.1574733159694132,0.10498954020090391,0.1800941417540267,0.1557517291907488
0.16534698176788384,0.09949209122029766,0.18003038072064073,0.15523831994928064
0.17322064756635452,0.09420365641057582,0.17997582291013534,0.15474961176613092
0.18109431336482518,0.08912200182645233,0.1799274607249455,0.15428888522124193
0.18896797916329583,0.08424466756575359,0.17989029625408606,0.15384787602423425
0.19684164496176648,0.0795689755856878,0.17986820340434226,0.15343602546263024
0.20471531076023713,0.07509203781899933,0.1798731143249623,0.153056287719613
0.21258897655870782,0.07081076457589489,0.17990172064809037,0.1527060616427809
0.22046264235717847,0.0667218732171999,0.17994973063472489,0.15239484306992537
0.22833630815564912,0.06282189708379891,0.17998753199968043,0.15209251047874228
0.2362099739541198,0.0591071946670341,0.17995439196672472,0.15174790143749214
0.24408363975259045,0.055573959004378795,0.17994919942916662,0.15145673949468014
0.2519573055510611,0.05221822728437235,0.1799724390502513,0.15120815115188704
0.25983097134953176,0.04903589064449567,0.1800100450712998,0.1510007135142626
0.2677046371480024,0.046022704145387776,0.18006978304820412,0.15084314516709166
0.27557830294647306,0.043174296904548694,0.18014026167290847,0.15071053383702987
0.2834519687449437,0.04048618237244744,0.18023600100948606,0.15060550536856135
0.2913256345434144,0.037953768733753536,0.18036135585291535,0.15054025996779352
0.2991993003418851,0.03557236941623726,0.18047674374154823,0.15051513131879235
0.30707296614035573,0.03333721368973894,0.18058440679727641,0.1505449511354251
0.3149466319388264,0.03124345733748933,0.1807262544968865,0.15061685117797785
0.32282029773729704,0.029286193381974433,0.18107193720099704,0.15088133512164312
0.3306939635357677,0.027460462847475733,0.18148407150290144,0.15122311362478255
0.33856762933423834,0.02576126554138377,0.18192627439698303,0.15163977109195823
0.34644129513270905,0.024183570836378114,0.18238735801511752,0.15209336479815155
0.3543149609311797,0.022722328435589356,0.18288988321126776,0.15261464459862675
0.36218862672965035,0.021372479102910326,0.18349113058919764,0.15302491429318904
0.370062292528121,0.020128965340702944,0.1840932355007655,0.1533647585497985
0.37793595832659166,0.018986741997254454,0.18471967622650695,0.1537428541561302
0.3858096241250623,0.017940786786471714,0.1853824919275953,0.1541733267607512
0.39368328992353296,0.016986110702464894,0.18601169398875889,0.15446673683148407
0.4015569557220036,0.016117768311861774,0.18661595306742032,0.15468590788221848
0.40943062152047427,0.015330867906910782,0.18725675274865455,0.15494147172997086
0.417304287318945,0.014620581502674267,0.1879172936394475,0.15524921466076372
0.42517795311741563,0.013982154661883467,0.188582259113675,0.1556045632428274
0.4330516189158863,0.013410916131321933,0.18924647843926068,0.155998614319724
0.44092528471435694,0.012902287273925499,0.18995110990127928,0.15645332738154916
0.4487989505128276,0.012451791281132128,0.19068512468742682,0.15697314903539333
0.45667261631129824,0.012055062150385668,0.19142913826931454,0.15754392012772742
0.4645462821097689,0.011707853413090712,0.19215979763661878,0.15807706622866208
0.4724199479082396,0.011406046598733096,0.19286715649789785,0.15848029630157118
0.48029361370671025,0.011145659421319728,0.1935960120591417,0.15894849611927175
0.4881672795051809,0.010922853674752304,0.19435912038340797,0.15947322830824678
0.49604094530365156,0.010733942824231861,0.19514894589219764,0.16005113462598342
0.5039146111021222,0.01057539928129317,0.19595246897023227,0.1606757466201421
0.5117882769005929,0.01044386135058988,0.19673257000116404,0.1612325213684311
0.5196619426990635,0.010336139837091704,0.19748701244636,0.1616276489884783
0.5275356084975342,0.01024922430291313,0.1982354212667548,0.16198176121021643
0.5354092742960048,0.01018028896356837,0.19900575608945784,0.16235583670007142
0.5432829400944755,0.010126698214038275,0.1997951292823998,0.16275661061141297
0.5511566058929461,0.010086011775641276,0.20057523191070462,0.1631065956535082
0.5590302716914168,0.010055989455320687,0.20129087704213425,0.1631210570336682
0.5669039374898874,0.01003459550959433,0.20202381366363525,0.1631636301216717
0.5747776032883581,0.010020002606057978,0.20266017666600006,0.1630773694385545
0.5826512690868288,0.01001059537599109,0.2031758861989169,0.1627241068558405
0.5905249348852994,0.010004973552280146,0.20364764035508728,0.16231771122569186
0.5983986006837702,0.010001954687550994,0.204104737570234,0.16190367883706422
0.6062722664822408,0.010000576448085573,0.20458019776949185,0.16151292678505985
0.6141459322807115,0.010000098479789428,0.20507863430569578,0.16114428177631782
0.6220195980791821,0.010000003843173214,0.20558644702936216,0.16079978407424625
0.6298932638776528,0.010000000015012977,0.2061168132253933,0.16042544195160421
0.6377669296761235,0.010000019455059269,0.2066264787901415,0.1600276709888441
0.6456405954745941,0.010000219736872939,0.2071336188276977,0.15964793677547526
0.6535142612730648,0.010000983242574734,0.20762733558264446,0.1592566633347568
0.6613879270715354,0.010002916422005372,0.20813022803305256,0.15886791253054242
0.6692615928700061,0.010006848617501618,0.20867253358432386,0.15849635019901673
0.6771352586684767,0.01001383045620077,0.20921505779450392,0.15814059799518307
0.6850089244669474,0.010025131812489901,0.2097372673149579,0.15775587932971166
0.6928825902654181,0.010042239343916015,0.21025476473192314,0.15734380030989195
0.7007562560638887,0.010066853604567884,0.21070124184106706,0.15666270895009976
0.7086299218623594,0.010100885740628668,0.21116818579550586,0.15603810036146903
0.71650358766083,0.010146453773479376,0.21164567248793847,0.15545882089688948
0.7243772534593007,0.010205878476405734,0.2120990643875994,0.1548356575801039
0.7322509192577713,0.010281678851624067,0.21251653469092172,0.15405803957983064
0.740124585056242,0.010376567214994288,0.2128925944416844,0.1531126583535023
0.7479982508547126,0.010493443896428992,0.21329900146264877,0.1522399381687773
0.7558719166531833,0.010635391564636115,0.21374824262126338,0.15142076285071593
0.763745582451654,0.010805669185447316,0.21424785752944747,0.15066455098179102
0.7716192482501246,0.01100770562358464,0.21480175404954238,0.14996771804494738
0.7794929140485953,0.011245092898302871,0.21528241845309806,0.14912978699712326
0.7873665798470659,0.011521579103913356,0.21555617944659494,0.14787507440223938
0.7952402456455366,0.011841061006746412,0.21585482088427801,0.14667874342997836
0.8031139114440072,0.012207576330642423,0.21616205327958357,0.1455258677963188
0.8109875772424779,0.01262529574357581,0.2164580867349867,0.1443679015106611
0.8188612430409485,0.01309851455851047,0.21676252089468054,0.14325698793573488
0.8267349088394192,0.013631644162058823,0.21710095797109422,0.14222537496335727
0.83460857463789,0.014229203184969254,0.21744307647189712,0.1412591979062256
0.8424822404363606,0.01489580842889707,0.21780715462843123,0.14037419523081984
0.8503559062348313,0.015636165564321805,0.21822297251424594,0.13956004401453728
0.8582295720333019,0.01645505961485795,0.21871584319118118,0.13879303218856662
0.8661032378317726,0.01735734524356696,0.21927252973455874,0.13807333757243467
0.8739769036302432,0.01834793685721381,0.21985880103382813,0.13743241763066708
0.8818505694287139,0.019431798544722736,0.2204851294526476,0.1368461984264215
0.8897242352271846,0.020613933866371698,0.22120692437694545,0.13644649238011708
0.8975979010256552,0.021899375510524385,0.22195709140985187,0.13610577762305992
0.9054715668241259,0.023293174834932213,0.2227049872952875,0.13576132929174356
0.9133452326225965,0.02480039130984344,0.22348665108208227,0.13547252444124128
0.9212188984210672,0.02642608188033741,0.22431390348039482,0.13526766421945619
0.9290925642195378,0.028175290265451583,0.22518325276992987,0.13510335526332137
0.9369662300180085,0.03005303621179463,0.22610247776642553,0.13495661943836396
0.9448398958164792,0.03206430471943359,0.22707327646074393,0.13483238858466645
0.9527135616149498,0.03421403525791277,0.22807137730393323,0.13471818903240185
0.9605872274134205,0.03650711099030009,0.22914739984860988,0.1346101324497673
0.9684608932118911,0.038948348023169856,0.23026790661343527,0.1345401599453956
0.9763345590103618,0.04154248470041472,0.23142435398995548,0.1345148544737462
0.9842082248088324,0.044294170958732795,0.23262744970361793,0.1344932216237391
0.9920818906073031,0.04720795776256618,0.23387624047525776,0.13450867212388448
0.9999555564057737,0.05028828663616355,0.23519723844324447,0.1345428516751355
1.0078292222042444,0.05353947931031276,0.23653679164064037,0.1345469390039164
1.015702888002715,0.056965727501131304,0.23793466492636622,0.13455200283224003
1.0235765538011858,0.06057108283812085,0.23939120209716264,0.1345523586665252
1.0314502195996564,0.06435944695847762,0.2408966664041917,0.134574460120516
1.039323885398127,0.06833456178441677,0.24244443146282257,0.1346196803049278
1.0471975511965976,0.07249999999999991,0.24404614969168764,0.13469203407760685
1.0550712169950685,0.07685915574366806,0.24568496281890748,0.13479286002778962
1.062944882793539,0.0814152355323632,0.24738424240213605,0.13490241677513837
1.0708185485920096,0.08617124943278405,0.24916138498158566,0.13500420843636582
1.0786922143904805,0.09113000249495014,0.25101324074688497,0.13512999902220296
1.086565880188951,0.09629408646286201,0.25288654224759305,0.13517749041089175
1.0944395459874217,0.10166587177663304,0.25486472503056545,0.13523294898014265
1.1023132117858923,0.1072474998800258,0.25692587637274633,0.13519378361850035
1.110186877584363,0.11304087584687392,0.2590628089253142,0.13519547955317518
1.1180605433828337,0.11904766133938495,0.2612560610783075,0.13525996456724063
1.1259342091813043,0.12526926791082382,0.2635138887124763,0.1353840402040301
1.1338078749797749,0.13170685066454926,0.2658827622409888,0.13554536512471338
1.1416815407782457,0.13836130228084131,0.2683383708624245,0.13576465563106863
1.1495552065767163,0.14523324742239596,0.27087052904686604,0.13605269717099733
1.1574288723751869,0.15232303752878915,0.2735008244128376,0.13639592438771592
1.1653025381736577,0.15963074600961813,0.2762435429964417,0.13679699114054028
1.1731762039721283,0.16715616384541926,0.2790842763413157,0.1372929977958207
1.181049869770599,0.1748987956048435,0.28209833110639043,0.13789562211005085
1.1889235355690695,0.18285785588592632,0.285226698482837,0.13858289901119386
1.1967972013675403,0.19103226618864524,0.28848855480615937,0.13930025723862674
1.204670867166011,0.19942065222529345,0.2917950666631427,0.14007795931411032
1.2125445329644815,0.20802134167453082,0.2952033905322091,0.14093552403741363
1.2204181987629523,0.21683236238428258,0.29878776975580956,0.14185536347133632
1.228291864561423,0.2258514410279743,0.3026253966552023,0.14284361427777187
1.2361655303598935,0.2350760022178916,0.3064492019763853,0.14362094238977793
1.2440391961583641,0.24450316807874348,0.31037225230265725,0.14447637846858735
1.251912861956835,0.25412975828380435,0.31436435816934777,0.1454544401762302
1.2597865277553055,0.26395229055529074,0.3184765696899776,0.14650375954689082
1.2676601935537761,0.27396698162991634,0.32267887182813376,0.14760405803276977
1.275533859352247,0.2841697486898414,0.3269329961908383,0.14888473088320267
1.2834075251507175,0.2945562112585179,0.3312651567361343,0.15034097609624786
1.2912811909491881,0.3051216935602125,0.3357416162737066,0.1519318854657261
1.2991548567476587,0.3158612273412616,0.34042479840330897,0.1536314242372033
1.3070285225461296,0.32676955515040407,0.34518776995800626,0.15552167341510462
1.3149021883446002,0.33784113407481836,0.35026040806671205,0.1575839070488603
1.3227758541430708,0.3490701399277875,0.3552350826272381,0.1595159169459193
1.3306495199415416,0.36045047188320267,0.3598549892898161,0.16079757523447913
1.3385231857400122,0.3719757575514273,0.36441383398869304,0.1620254603264846
1.3463968515384828,0.3836393584903548,0.36917885876537965,0.163393200295794
1.3542705173369534,0.39543437614480476,0.3740209000707997,0.16477464884153872
1.3621441831354242,0.40735365820674446,0.37895659869627757,0.1662945232261107
1.3700178489338948,0.4193898053881501,0.38382623905095714,0.16782524543381144
1.3778915147323654,0.4315351785976914,0.38880496224812333,0.16958597731037048
1.3857651805308362,0.44378190651177135,0.3939209253572323,0.17157947587846617
1.3936388463293068,0.4561218935298463,0.3991030574909182,0.17366127279914942
1.4015125121277774,0.4685468281033426,0.40440809664828864,0.17598844838135586
1.409386177926248,0.48104819142689487,0.40994574309423853,0.1787248471259386
1.4172598437247188,0.49361726648006055,0.4156615503104184,0.18179841598699473
1.4251335095231894,0.5062451474071087,0.42152780420251224,0.18518291783045063
1.43300717532166,0.5189227492219558,0.42751376944584435,0.18896061931915376
1.4408808411201306,0.531640817824783,0.4336611289022092,0.19315933645221184
1.4487545069186014,0.5443899403163972,0.4399738171636342,0.1977811020418277
1.456628172717072,0.5571605555959064,0.4464721648542287,0.20287930189647455
1.4645018385155426,0.5699429652268352,0.4530394260170752,0.2081316746347213
1.4723755043140134,0.5827273445563711,0.45951045775733773,0.2133015876064062
1.480249170112484,0.5955037540720215,0.4658085723270341,0.2179459723104381
1.4881228359109546,0.6082621509795921,0.4718049312267788,0.22135298338026918
1.4959965017094252,0.6209924009860113,0.4777705334703663,0.22480700727122532
1.503870167507896,0.6336842902702213,0.4835864050645198,0.22791525894987913
1.5117438333063666,0.6463275376250169,0.4893979574011198,0.23118153739388234
1.5196174991048372,0.6589118067524615,0.49527492180887334,0.23466299200939017
1.527491164903308,0.6714267186952166,0.5011595649092879,0.2382063933865777
1.5353648307017786,0.6838618643859257,0.5070618633751952,0.24181791335731012
1.5432384965002492,0.6962068172965662,0.5128970473632296,0.24545383649320168
1.5511121622987198,0.7084511461695191,0.5188329463080896,0.24934158252219954
1.5589858280971907,0.7205844278119538,0.5246673629720179,0.2532517366502933
1.5668594938956613,0.732596259935007,0.5304198236920359,0.2572027490053501
1.5747331596941319,0.7444762740191456,0.5362671270689349,0.26132611751811824
1.5826068254926027,0.7562141481870335,0.5423396432918818,0.26553813119998415
1.5904804912910733,0.7677996200651934,0.5483587037856125,0.27001766722714504
1.5983541570895439,0.7792224996157492,0.5543835468283376,0.2747506514655565
1.6062278228880145,0.7904726819195489,0.5605144507769445,0.2797763598018959
1.6141014886864853,0.8015401598920283,0.566675630614643,0.2849611472402219
1.6219751544849559,0.8124150369132487,0.5724430393467582,0.2894361970205764
1.6298488202834265,0.823087539353651,0.5778247363030555,0.29329917729862515
1.637722486081897,0.8335480289772047,0.5826247425681674,0.2961484020118994
1.645596151880368,0.8437870152037968,0.5874378601737067,0.2990969914497591
1.6534698176788385,0.8537951672128854,0.5924343837986984,0.30249494157702594
1.661343483477309,0.8635633258706829,0.5971879791923729,0.30594701822835235
1.66921714927578,0.8730825154633554,0.6017874101530875,0.30940506150408476
1.6770908150742505,0.8823439552190117,0.6062762737419367,0.3130229065795573
1.684964480872721,0.8913390706015613,0.610633733163028,0.31671738765813356
1.6928381466711917,0.9000595043598192,0.6145345424165357,0.31946787122005277
1.7007118124696625,0.9084971273156175,0.6180916127392708,0.32145943079401884
1.7085854782681331,0.9166440488750348,0.6216832065668659,0.3238442614784501
1.7164591440666037,0.924492627247267,0.6251661943982343,0.3267730633163909
1.7243328098650745,0.9320354793560813,0.6283816577908407,0.3297352220878816
1.7322064756635451,0.9392654904292398,0.6311758760065613,0.33110431194754447
1.7400801414620157,0.9461758232517536,0.6341384094382639,0.3329475574666464
1.7479538072604863,0.9527599270693119,0.6370971425573257,0.3352338227364162
1.7558274730589571,0.9590115461287448,0.6401487715367875,0.3378877456046072
1.7637011388574277,0.9649247278429091,0.6432713443068019,0.3409613966229266
1.7715748046558983,0.970493830567939,0.6462249642457842,0.3441934484269603
1.7794484704543692,0.9757135309813656,0.6490343927698199,0.3475774657157991
1.7873221362528398,0.9805788310502056,0.6517692399971244,0.3513327123386171
1.7951958020513104,0.9850850645787141,0.6545180868942275,0.35562907864716425
1.803069467849781,0.9892279033261197,0.6572071503135329,0.3603610561912732
1.8109431336482518,0.9930033626852917,0.6602691079816678,0.36582214820213493
1.8188167994467224,0.9964078069139407,0.6621314244010884,0.3676070412143661
1.826690465245193,0.9994379539106076,0.6640030132185953,0.3701684175652424
1.8345641310436638,1.0020908795283772,0.6651233629281404,0.3720800762430092
1.8424377968421344,1.0043640214199256,0.6659927717135734,0.3742873320029716
1.850311462640605,1.0062551824082127,0.6663710194760235,0.3759911711334632
1.8581851284390756,1.0077625333778266,0.6658020159279658,0.37576007393362915
1.8660587942375464,1.0088846156827023,0.6650803475578325,0.3762033671691484
1.873932460036017,1.0096203430666402,0.664003034813271,0.377237429778502
1.8818061258344876,1.0099690030937911,0.6627363906085381,0.37916209295823344
1.8896797916329584,1.0099302580869807,0.6609335431805953,0.38097786943718376
1.897553457431429,1.009504145572486,0.6589802098199208,0.3837402556511538
1.9054271232298996,1.0086910782306062,0.6572316225236935,0.3881646316375521
1.9133007890283702,1.0074918433521,0.6556649517402348,0.3941824228410364
1.921174454826841,1.0059076018012953,0.6540781644315374,0.40110971017569513
1.9290481206253116,1.003939886487404,0.6520138848490638,0.4086166597531025
1.9369217864237822,1.001590600346313,0.6495915852452177,0.41486005419913674
1.9447954522222528,0.998862013835832,0.6461671613009138,0.4147254484877434
1.9526691180207236,0.995756761948114,0.6426840678574769,0.41500190080784927
1.9605427838191942,0.992277840743671,0.6392719202509591,0.41582293602895626
1.9684164496176648,0.988428603412114,0.6359566758624713,0.4172316868706953
1.9762901154161356,0.9842127558654528,0.6326241226807967,0.4190950578949474
1.9841637812146062,0.9796343518704763,0.6285754595018619,0.42043497643557676
1.9920374470130768,0.9746977877274202,0.6225956402055608,0.40934687745630255
1.9999111128115474,0.969407796502791,0.614944538730429,0.38934031896262444
2.0077847786100183,0.9637694418248818,0.6076478214528758,0.3729145948579471
2.015658444408489,0.9577881112511627,0.6008159434428418,0.3599105860125582
2.0235321102069594,0.9514695092173372,0.5935158785398539,0.3464478187119019
2.03140577600543,0.9448196495785074,0.5856964865045353,0.3316571396821212
2.0392794418039006,0.9378448477534577,0.578192815836597,0.3187050029379395
2.0471531076023717,0.9305517124836711,0.5710450001502626,0.3073493070497624
2.0550267734008423,0.9229471372192487,0.5642218494918504,0.2973765980570214
2.062900439199313,0.9150382911444441,0.55768418860892,0.2885715575204724
2.0707741049977835,0.9068326098560701,0.5513592330124082,0.280815936187501
2.078647770796254,0.8983377857085211,0.5450409873027974,0.27385879738973257
2.0865214365947247,0.8895617578396523,0.5387385376640181,0.26750423198261536
2.0943951023931953,0.8805127018922198,0.5325163359155037,0.26157352823756785
2.1022687681916663,0.87119901944602,0.5263291152971838,0.2559555192559977
2.110142433990137,0.8616293271763031,0.5201692549365223,0.25081662703940905
2.1180160997886075,0.8518124457543967,0.5140131150076034,0.24594124713460444
2.125889765587078,0.84175738850689,0.5079943892093575,0.24146384609649088
2.1337634313855487,0.8314733498500346,0.5020607075224975,0.237218645523459
2.1416370971840193,0.8209696935163616,0.496200255278528,0.2331262892741566
2.14951076298249,0.8102559405907968,0.4905177129461502,0.229350176099939
2.157384428780961,0.799341757373831,0.485161727969681,0.2256852266749474
2.1652580945794315,0.7882369430895384,0.4798652421943628,0.2222347426983144
2.173131760377902,0.7769514174564446,0.47465007634241246,0.21900980650675325
2.1810054261763727,0.7654952081394472,0.4694427754235523,0.21588216666100993
2.1888790919748433,0.7538784381011321,0.4643502769965385,0.21292319415843222
2.196752757773314,0.7421113128709708,0.45933124149069277,0.21011299454605287
2.2046264235717845,0.7302041077509778,0.4543802115469117,0.20745397738566343
2.2125000893702556,0.7181671549764893,0.4495087045536728,0.20493849222307026
2.220373755168726,0.7060108308507648,0.44477446571323453,0.2025779487523891
2.2282474209671967,0.6937455428721193,0.4402011271020334,0.2003585485583098
2.2361210867656673,0.6813817168723103,0.43580574679394707,0.19824920373952104
2.243994752564138,0.6689297841848277,0.43150338740541416,0.19627797302600064
2.2518684183626085,0.6564001688616958,0.4272793119921707,0.1944396043428909
2.259742084161079,0.6438032749572786,0.4231361122846187,0.19274612681030762
2.2676157499595497,0.6311494738974659,0.4191214708461253,0.19112101878796084
2.2754894157580208,0.6184490919524617,0.41512601110452185,0.18956133192941815
2.2833630815564914,0.6057123978312128,0.41116383835057263,0.1880619615811269
2.291236747354962,0.592949590415305,0.407261682522176,0.18666794009889678
2.2991104131534326,0.5801707866499324,0.40340383228161225,0.18532561626023267
2.306984078951903,0.5673860096092599,0.3996078342152074,0.18406118166136615
2.3148577447503738,0.5546051767532338,0.395854483054009,0.18278084756804613
2.3227314105488444,0.5418380883925653,0.39205955503512124,0.18139120973770687
2.3306050763473154,0.5290944163782753,0.3883604749666695,0.18010516487303288
2.338478742145786,0.5163836930318337,0.3846709520213445,0.17874352766454416
2.3463524079442566,0.503715300331518,0.3806755519580837,0.17639204603758799
2.354226073742727,0.491098459370226,0.3766723985633185,0.174020407826786
2.362099739541198,0.47854222009952435,0.3727580618045732,0.17184939909121097
2.3699734053396684,0.46605545137426574,0.3688887873634345,0.16968825796032092
2.377847071138139,0.45364683131162575,0.36502438671942505,0.16754017101043991
2.38572073693661,0.44132483797790767,0.3612382891124353,0.1655621939185112
2.3935944027350806,0.4290977404159525,0.3574595102022674,0.16368991826735316
2.401468068533551,0.4169735900254305,0.35370108838339365,0.1619319825415206
2.409341734332022,0.4049602123077642,0.35001514901482195,0.16032344632236212
2.4172154001304924,0.39306519898682774,0.34635183082435406,0.1587592518682815
2.425089065928963,0.38129590051599094,0.3426318846375005,0.15713560865636025
2.4329627317274336,0.36965941898146376,0.33898065976254976,0.15561522824621848
2.4408363975259046,0.35816260141127654,0.33542343397931035,0.15424220929603716
2.4487100633243752,0.34681203349859147,0.33194048821657174,0.15299348955822917
2.456583729122846,0.33561403374739174,0.32833248159194417,0.15146005133153365
2.4644573949213164,0.32457464804793823,0.3247722873433358,0.15002818937233964
2.472331060719787,0.3136996446887049,0.32128802483247165,0.14878572191232878
2.4802047265182576,0.3029945098108261,0.317923229564314,0.14768763311257804
2.4880783923167282,0.29246444331039867,0.3146912086546401,0.14672449146873545
2.4959520581151993,0.28211435519328,0.3115754411402942,0.14590029006987368
2.50382572391367,0.27194886238632604,0.30853490814308127,0.14520808186860254
2.5116993897121405,0.26197228600828953,0.3055733195071807,0.14463680896154033
2.519573055510611,0.252188649102904,0.3027128547801612,0.1441854228645918
2.5274467213090817,0.24260167483594133,0.2999116782380732,0.14382360930288682
2.5353203871075523,0.23321478515732394,0.2971713692339218,0.1435474408718153
2.543194052906023,0.22403109992864717,0.2944864454134741,0.14335015896498055
2.551067718704494,0.2150534365157466,0.29186061814524694,0.14321706359681527
2.5589413845029645,0.20628430984522994,0.28929668373502593,0.14314531227430521
2.566815050301435,0.19772593292316262,0.2868709082550707,0.14309939221287046
2.5746887160999057,0.18938021781340575,0.2846516112515303,0.14306450401363802
2.5825623818983763,0.1812487770723728,0.2824858155061392,0.14307546984895553
2.590436047696847,0.17333292563628058,0.2803926408417519,0.14311722262163956
2.5983097134953175,0.16563368315627147,0.27838034113831167,0.14320081881936178
2.6061833792937885,0.1581517767760918,0.2764317389192589,0.14331596589765322
2.614057045092259,0.15088764434633714,0.2745425952432019,0.14346642799153886
2.6219307108907297,0.14384143806859503,0.27271310445946256,0.1436661252209292
2.6298043766892003,0.13701302856217148,0.2709722422895792,0.14392288704328113
2.637678042487671,0.130402009345425,0.2692967741421534,0.14417813660021836
2.6455517082861415,0.12400770172310911,0.2677051283099658,0.14440312185648455
2.653425374084612,0.11782916007049839,0.2661708878607414,0.1446363413918207
2.661299039883083,0.11186517750446934,0.26477767630882926,0.14479566993237689
2.6691727056815537,0.10611429193112058,0.2634947908613142,0.14494056928278976
2.6770463714800243,0.10057479245893743,0.2622658571963034,0.14509313675985458
2.684920037278495,0.09524472616596154,0.2610741738153609,0.14527505583789166
2.6927937030769655,0.09012190520887932,0.2599027395394316,0.14547352885658876
2.700667368875436,0.08520391426143294,0.2587713449405035,0.14569071711646764
2.7085410346739067,0.0804881182690577,0.2576669654691206,0.14592978278901317
2.7164147004723778,0.07597167050617441,0.2566142499433808,0.14617019308884516
2.7242883662708484,0.07165152092211194,0.25559788004492356,0.14642898638796567
2.732162032069319,0.06752442476119914,0.25462490381114455,0.14670821774360374
2.7400356978677896,0.06358695144216395,0.2536809390981846,0.14699533184131885
2.74790936366626,0.05983549368158327,0.25277449189848633,0.14729040628513926
2.7557830294647307,0.056266276845772734,0.25189333618301907,0.14759864644509638
2.7636566952632013,0.0528753685151651,0.2510484052394198,0.14790824734604396
2.7715303610616724,0.049658688244917315,0.2502592855617279,0.14823046729005648
2.779404026860143,0.04661201750519977,0.24949294005147793,0.14855846885604115
2.7872776926586136,0.04373100978436079,0.2487586143943497,0.14888891262185866
2.795151358457084,0.04101120083793067,0.24808212843509633,0.14922499222863736
2.8030250242555548,0.038448019066219634,0.24743580614600902,0.14957328848656126
2.8108986900540254,0.036036796003088026,0.24680771492069006,0.14993663184885705
2.818772355852496,0.03377277689831577,0.24620185612494147,0.15031071378324448
2.8266460216509666,0.03165113137587482,0.24561956020507797,0.1506922736535625
2.8345196874494376,0.029666964150312697,0.24505813213787736,0.15107908570688047
2.842393353247908,0.027815325783389834,0.24451077168740312,0.15147915155917932
2.850267019046379,0.026091223463070398,0.2440036918499993,0.1518800621753494
2.8581406848448494,0.02448963178696141,0.24352140861289834,0.15229035531879362
2.86601435064332,0.02300550353230687,0.24306679337156442,0.152704565500247
2.8738880164417906,0.021633780394692412,0.24263720545681317,0.15312082602876817
2.881761682240261,0.020369403677688525,0.24222047895058307,0.15354889552584114
2.8896353480387322,0.019207324915762485,0.24183610839624098,0.15400802672140884
2.897509013837203,0.01814251641291873,0.24146899653531778,0.1544787950778234
2.9053826796356734,0.01716998167968352,0.2411185207049285,0.15496143940412693
2.913256345434144,0.01628476575123603,0.2407861363850387,0.15545612827563252
2.9211300112326146,0.015481965369697648,0.24046452882565852,0.15596278063838023
2.929003677031085,0.014756739013830431,0.2401528612577846,0.15648348639513085
2.936877342829556,0.014104316759660266,0.23986034862488023,0.15701868200736988
2.944751008628027,0.013520009955830194,0.2395816424100628,0.157573864872451
2.9526246744264975,0.01299922069780583,0.23930718564461895,0.15814584826296488
2.960498340224968,0.012537451085395038,0.23903800071357117,0.15873380972888884
2.9683720060234386,0.01213031224841012,0.238776803410444,0.15933823838696473
2.9762456718219092,0.011773533125688926,0.23853847462941566,0.15994998261664897
2.98411933762038,0.011462968983104357,0.2383229430713478,0.16058275464667418
2.9919930034188504,0.011194609656626175,0.23811916626625593,0.16123079445840072
2.9998666692173215,0.010964587506955899,0.23792280598751997,0.16189342896957173
3.007740335015792,0.010769185072733717,0.23773313228502846,0.16257146369206968
3.0156140008142627,0.0106048424098141,0.2375519791880949,0.16326814733406955
3.0234876666127333,0.010468164104625503,0.23738316651044034,0.16398760937473036
3.031361332411204,0.010355925950165682,0.2372253647100245,0.16473044989554816
3.0392349982096745,0.01026508127373918,0.2370836135556127,0.16549210802362646
3.047108664008145,0.010192766906115296,0.23696017585231618,0.1662735534124016
3.054982329806616,0.010136308782372852,0.23683300710992167,0.16705329257597984
3.0628559956050867,0.010093227165301399,0.23669910120884832,0.1678269844552129
3.0707296614035573,0.010061241482846007,0.2365326963594242,0.16854282497572418
3.078603327202028,0.010038274771713948,0.23638234708820136,0.1692778815948461
3.0864769930004985,0.010022457719904664,0.23624056364451415,0.1700354532917304
3.094350658798969,0.010012132301579301,0.23610507734381103,0.17081195449618847
3.1022243245974397,0.01000585499835097,0.23597620088042132,0.171600638516783
3.1100979903959107,0.010002399601751241,0.23585316286243593,0.17240783350661604
3.1179716561943813,0.010000759592310903,0.23573665475486474,0.17324049299165567
3.125845321992852,0.01000015009138262,0.23562107372931534,0.17410353185688293
3.1337189877913225,0.010000009382528974,0.23550557593511914,0.17498747259106961
3.141592653589793,0.01,0.23539880308810246,0.17589577941523823
