x,true_mean,true_sigma,observed_y,is_id,deep_ensemble_mean,deep_ensemble_total_sd,deep_ensemble_aleatoric_sd,deep_ensemble_epistemic_sd,accrue_mean,accrue_sd
-7.0,-343.0,3.0,-344.4525083000007,False,-143.13986,13.420611,9.211941,9.759762,-126.01402,0.38329938
-6.971943887775551,-338.8922594728616,3.0,-339.8752787559475,False,-142.41164,13.337979,9.152583,9.70216,-125.439156,0.38502958
-6.943887775551103,-334.8174465484719,3.0,-331.80917307255805,False,-141.68344,13.255587,9.093565,9.644567,-124.86429,0.38676754
-6.915831663326653,-330.7754287213871,3.0,-329.1610824103753,False,-140.95525,13.17343,9.034883,9.586979,-124.28943,0.38851336
-6.887775551102204,-326.76607348616375,3.0,-322.7538791638355,False,-140.227,13.091481,8.976538,9.529356,-123.714554,0.39026707
-6.859719438877756,-322.7892483373581,3.0,-323.2527653751078,False,-139.4983,13.00935,8.918518,9.471179,-123.13968,0.3921053
-6.831663326653307,-318.8448207695265,3.0,-320.9326486045386,False,-138.76855,12.92646,8.860802,9.411672,-122.56481,0.3940426
-6.803607214428857,-314.93265827722524,3.0,-315.60423472786675,False,-138.03683,12.843043,8.802343,9.3521385,-121.98994,0.39604992
-6.775551102204409,-311.0526283550108,3.0,-310.32513798119714,False,-137.30411,12.759352,8.741983,9.294018,-121.41508,0.39806727
-6.74749498997996,-307.20459849743946,3.0,-306.67487842207834,False,-136.57028,12.676142,8.6811695,9.236983,-120.84021,0.40009487
-6.719438877755511,-303.38843619906754,3.0,-306.64160041576764,False,-135.83238,12.595053,8.6197,9.18347,-120.26534,0.402133
-6.6913827655310625,-299.6040089544514,3.0,-299.3325396095678,False,-135.09457,12.514289,8.558625,9.130025,-119.69047,0.40418124
-6.663326653306613,-295.8511842581472,3.0,-295.1664992677305,False,-134.35625,12.433353,8.497938,9.075974,-119.11561,0.40624017
-6.635270541082164,-292.12982960471163,3.0,-284.57740749210984,False,-133.61792,12.352717,8.437654,9.021953,-118.54074,0.4083787
-6.6072144288577155,-288.43981248870085,3.0,-282.80927865485586,False,-132.87961,12.272382,8.377769,8.967961,-117.965866,0.41053262
-6.579158316633267,-284.7810004046712,3.0,-287.34073045634767,False,-132.14066,12.191966,8.31825,8.913516,-117.391,0.4126979
-6.551102204408817,-281.15326084717896,3.0,-282.01541093182647,False,-131.40108,12.11149,8.259096,8.858642,-116.816124,0.4148744
-6.5230460921843685,-277.5564613107806,3.0,-281.9467873162916,False,-130.66153,12.03132,8.200341,8.80381,-116.24126,0.41706273
-6.49498997995992,-273.9904692900325,3.0,-275.7625903319229,False,-129.92197,11.951448,8.141987,8.74901,-115.666405,0.41926232
-6.466933867735471,-270.45515227949085,3.0,-269.5083372687198,False,-129.1824,11.871895,8.084032,8.694269,-115.09154,0.42147368
-6.438877755511022,-266.95037777371203,3.0,-263.33281691104736,False,-128.4419,11.791727,8.026433,8.638356,-114.51667,0.42380524
-6.410821643286573,-263.47601326725237,3.0,-265.6632647804832,False,-127.69995,11.710519,7.9691687,8.58071,-113.94181,0.42626986
-6.382765531062124,-260.03192625466835,3.0,-261.9943655748717,False,-126.95586,11.629109,7.9121723,8.52254,-113.36693,0.42889327
-6.354709418837675,-256.6179842305162,3.0,-263.05985131973216,False,-126.21057,11.547714,7.855503,8.4640875,-112.79207,0.4316995
-6.326653306613227,-253.2340546893523,3.0,-253.722052450987,False,-125.46529,11.466605,7.799229,8.405657,-112.21719,0.43452433
-6.298597194388778,-249.88000512573296,3.0,-253.06724836131164,False,-124.71999,11.385785,7.743349,8.347253,-111.64231,0.43731028
-6.270541082164328,-246.55570303421447,3.0,-248.1440213163127,False,-123.97471,11.30525,7.6878614,8.288877,-111.067444,0.44007295
-6.24248496993988,-243.26101590935332,3.0,-245.8915982438561,False,-123.22842,11.225981,7.6326847,8.231936,-110.49259,0.4428535
-6.214428857715431,-239.9958112457058,3.0,-240.27859890846347,False,-122.481834,11.147293,7.577878,8.175446,-109.917725,0.4456516
-6.186372745490982,-236.7599565378282,3.0,-242.0331417118981,False,-121.73485,11.0687685,7.523411,8.118863,-109.34286,0.44846728
-6.158316633266534,-233.5533192802769,3.0,-237.95445501644986,False,-120.98747,10.990417,7.4692845,8.062198,-108.76798,0.45130873
-6.130260521042084,-230.37576696760814,3.0,-223.98802563152324,False,-120.23921,10.912119,7.4155126,8.0052805,-108.193115,0.45417374
-6.102204408817635,-227.22716709437847,3.0,-231.08943483820056,False,-119.48739,10.832719,7.361942,7.9466724,-107.61824,0.4570568
-6.074148296593187,-224.10738715514412,3.0,-227.39774389050805,False,-118.734604,10.753002,7.3086925,7.8873363,-107.04337,0.45995829
-6.046092184368737,-221.01629464446134,3.0,-215.5055540594974,False,-117.98059,10.673259,7.2535086,7.8297553,-106.468506,0.46287793
-6.018036072144288,-217.95375705688667,3.0,-209.23855554916545,False,-117.22652,10.593796,7.1985984,7.7723026,-105.893654,0.46581635
-5.98997995991984,-214.91964188697634,3.0,-218.43434177345236,False,-116.47005,10.514028,7.144011,7.7141347,-105.30754,0.4688329
-5.961923847695391,-211.9138166292867,3.0,-213.0185634996508,False,-115.7126,10.434307,7.0898104,7.6556745,-104.711105,0.47196713
-5.933867735470942,-208.93614877837413,3.0,-207.9114821255526,False,-114.94995,10.353426,7.035626,7.595617,-104.114655,0.47516122
-5.905811623246493,-205.98650582879483,3.0,-200.80041289557806,False,-114.18717,10.272803,6.981856,7.535527,-103.51821,0.47837695
-5.877755511022044,-203.06475527510534,3.0,-206.02532651039004,False,-113.42446,10.192445,6.9285436,7.4753747,-102.92175,0.48161453
-5.849699398797595,-200.17076461186196,3.0,-200.90659814968828,False,-112.66178,10.112348,6.8756757,7.415164,-102.32532,0.48486772
-5.8216432865731464,-197.30440133362094,3.0,-194.97238860543573,False,-111.89909,10.032549,6.82323,7.35497,-101.72887,0.48816597
-5.793587174348698,-194.46553293493872,3.0,-193.16123471153887,False,-111.13643,9.953047,6.771205,7.294788,-101.1314,0.49149224
-5.765531062124248,-191.6540269103715,3.0,-192.7824951240618,False,-110.37374,9.873834,6.7195992,7.23461,-100.533806,0.49484092
-5.7374749498997994,-188.8697507544758,3.0,-189.27121964802393,False,-109.61107,9.794916,6.668414,7.1744432,-99.93622,0.49821267
-5.709418837675351,-186.11257196180787,3.0,-190.23725938691783,False,-108.84839,9.716289,6.6176453,7.1142836,-99.33861,0.5016073
-5.681362725450902,-183.3823580269241,3.0,-184.09687925884808,False,-108.08572,9.6379595,6.5672936,7.0541415,-98.74101,0.50502515
-5.653306613226453,-180.6789764443808,3.0,-181.47813891440765,False,-107.322266,9.559445,6.517288,6.9934225,-98.1434,0.5084663
-5.625250501002004,-178.00229470873424,3.0,-177.30578503985546,False,-106.5587,9.481156,6.4676857,6.9326315,-97.54579,0.5120827
-5.597194388777555,-175.3521803145409,3.0,-177.01816197099794,False,-105.79513,9.403157,6.4184957,6.8718476,-96.9482,0.5157415
-5.569138276553106,-172.72850075635708,3.0,-171.31388518872166,False,-105.03127,9.325483,6.369393,6.8114223,-96.35059,0.5194613
-5.541082164328657,-170.13112352873904,3.0,-167.09297607527955,False,-104.266556,9.247964,6.319234,6.752194,-95.74875,0.5232076
-5.513026052104209,-167.5599161262433,3.0,-167.0936281432379,False,-103.49986,9.171755,6.2680583,6.6957107,-95.14274,0.527028
-5.484969939879759,-165.014746043426,3.0,-163.95947681822838,False,-102.73045,9.094484,6.216682,6.6379595,-94.53672,0.53127277
-5.456913827655311,-162.4954807748436,3.0,-162.33601473211,False,-101.95984,9.016399,6.1657414,6.578684,-93.9307,0.5357057
-5.428857715430862,-160.00198781505244,3.0,-160.0017346357782,False,-101.18897,8.938418,6.1152773,6.519103,-93.324684,0.54017687
-5.400801603206412,-157.5341346586088,3.0,-159.69880875923732,False,-100.416306,8.859069,6.0652285,6.457252,-92.71866,0.54468566
-5.372745490981964,-155.0917888000691,3.0,-154.1423060150492,False,-99.64363,8.780049,6.0156593,6.3953967,-92.11263,0.54923195
-5.344689378757515,-152.67481773398967,3.0,-152.96667752923014,False,-98.87096,8.70137,5.9665694,6.333553,-91.50662,0.5538162
-5.316633266533066,-150.28308895492682,3.0,-144.00358402813504,False,-98.09828,8.623031,5.9179544,6.271721,-90.9006,0.55843854
-5.2885771543086175,-147.9164699574369,3.0,-143.19640525001117,False,-97.32408,8.54468,5.869731,6.209493,-90.29457,0.56309974
-5.260521042084168,-145.57482823607623,3.0,-144.41728857840673,False,-96.5495,8.466302,5.8219614,6.146791,-89.68855,0.5678528
-5.232464929859719,-143.25803128540122,3.0,-145.54720291448552,False,-95.769135,8.384003,5.7743697,6.078499,-89.08254,0.572747
-5.2044088176352705,-140.9659465999682,3.0,-144.30318101591845,False,-94.98775,8.301247,5.727187,6.0091615,-88.47652,0.5777027
-5.176352705410822,-138.69844167433345,3.0,-135.12501281506687,False,-94.20476,8.217319,5.6803756,5.9378157,-87.8705,0.58270127
-5.148296593186373,-136.45538400305338,3.0,-135.66713632761196,False,-93.42068,8.13339,5.6339197,5.866088,-87.26447,0.58774316
-5.1202404809619235,-134.23664108068425,3.0,-132.7962108705094,False,-92.63462,8.049334,5.5877304,5.7938805,-86.658455,0.59282875
-5.092184368737475,-132.0420804017825,3.0,-137.2758383627051,False,-91.84795,7.965985,5.541948,5.7222137,-86.05244,0.5979584
-5.064128256513026,-129.87156946090445,3.0,-127.08925401622992,False,-91.05997,7.8837585,5.4965167,5.651721,-85.44641,0.6031371
-5.036072144288577,-127.72497575260643,3.0,-126.36171473796334,False,-90.26841,7.7998075,5.451236,5.578622,-84.8404,0.6085103
-5.008016032064129,-125.60216677144479,3.0,-128.93345882468822,False,-89.475815,7.7160425,5.405786,5.505887,-84.23438,0.6139312
-4.979959919839679,-123.50301001197577,3.0,-124.91758443432562,False,-88.68321,7.632645,5.3607807,5.4331665,-83.62837,0.6197093
-4.95190380761523,-121.42737296875589,3.0,-120.63622135568633,False,-87.88903,7.550154,5.315622,5.361809,-83.02235,0.62577915
-4.923847695390782,-119.37512313634141,3.0,-119.21772274127268,False,-87.092445,7.468645,5.2701473,5.2920895,-82.41632,0.6319724
-4.895791583166332,-117.3461280092886,3.0,-118.22264156669927,False,-86.292465,7.385912,5.2247524,5.220504,-81.8103,0.63822687
-4.867735470941884,-115.34025508215402,3.0,-115.6507198863519,False,-85.491974,7.3036275,5.179436,5.149409,-81.204285,0.6447469
-4.839679358717435,-113.35737184949373,3.0,-114.11330398411438,False,-84.688095,7.2198105,5.133598,5.0765967,-80.59826,0.65133727
-4.811623246492986,-111.39734580586429,3.0,-110.93965826955689,False,-83.87959,7.132046,5.0879173,4.9979177,-79.99224,0.6580378
-4.783567134268537,-109.46004444582195,3.0,-105.04556852684247,False,-83.07005,7.043779,5.042619,4.9180093,-79.386215,0.6649303
-4.755511022044088,-107.54533526392302,3.0,-115.24531058671691,False,-82.26039,6.9559183,4.9977865,4.838071,-78.780205,0.6722123
-4.72745490981964,-105.65308575472402,3.0,-106.36363654825307,False,-81.45085,6.868465,4.953457,4.758054,-78.17419,0.67971724
-4.69939879759519,-103.78316341278104,3.0,-103.2536261486637,False,-80.63854,6.7808347,4.9095283,4.6772056,-77.56816,0.68730605
-4.671342685370742,-101.9354357326506,3.0,-101.0474537635893,False,-79.82617,6.6936235,4.866019,4.596352,-76.96214,0.6950032
-4.643286573146293,-100.109770208889,3.0,-101.22551395285288,False,-79.01381,6.606848,4.8229327,4.515502,-76.35612,0.70305294
-4.615230460921843,-98.30603433605253,3.0,-103.57619968348828,False,-78.20144,6.52053,4.780284,4.434659,-75.7501,0.71122366
-4.587174348697395,-96.52409560869764,3.0,-95.5401091575553,False,-77.38908,6.434678,4.738075,4.3538175,-75.14409,0.7195582
-4.559118236472946,-94.7638215213806,3.0,-89.58177087888805,False,-76.57676,6.3493214,4.6963005,4.273013,-74.538055,0.72799045
-4.531062124248497,-93.02507956865777,3.0,-97.62666378340619,False,-75.76443,6.2644486,4.654958,4.192217,-73.932045,0.7365214
-4.5030060120240485,-91.30773724508549,3.0,-88.71625320399093,False,-74.95212,6.1800647,4.614043,4.1114235,-73.31556,0.74524295
-4.474949899799599,-89.61166204522006,3.0,-90.59723771458874,False,-74.13979,6.096173,4.5735507,4.0306273,-72.69556,0.75409085
-4.44689378757515,-87.93672146361791,3.0,-88.12069450110445,False,-73.32747,6.012795,4.5334797,3.9498441,-72.075554,0.7630119
-4.4188376753507015,-86.28278299483534,3.0,-89.4414785269472,False,-72.51408,5.9292727,4.493723,3.8681693,-71.45554,0.77203876
-4.390781563126252,-84.64971413342865,3.0,-85.65308265049627,False,-71.69369,5.8420167,4.453765,3.7806263,-70.83554,0.7811721
-4.362725450901804,-83.03738237395433,3.0,-79.13724858985745,False,-70.8712,5.753976,4.414069,3.6911013,-70.214516,0.79041344
-4.3346693386773545,-81.44565521096851,3.0,-79.69768948500538,False,-70.04615,5.664333,4.3744936,3.5983987,-69.592735,0.7997645
-4.306613226452906,-79.8744001390277,3.0,-74.67746532279787,False,-69.22082,5.575269,4.3350987,3.5057874,-68.970955,0.80922586
-4.278557114228457,-78.32348465268818,3.0,-74.7912489857551,False,-68.3912,5.4846687,4.294873,3.4111078,-68.34917,0.81879896
-4.2505010020040075,-76.79277624650626,3.0,-75.47551620971754,False,-67.55765,5.3962045,4.2539487,3.320082,-67.72737,0.82848567
-4.22244488977956,-75.28214241503842,3.0,-70.05033883653505,False,-66.72278,5.30934,4.2132173,3.2307723,-67.10559,0.8384336
-4.19438877755511,-73.79145065284081,3.0,-72.47447117662591,False,-65.88256,5.22096,4.172442,3.1383362,-66.48381,0.84892124
-4.166332665330661,-72.32056845446992,3.0,-69.83660392407874,False,-65.03511,5.1311383,4.131668,3.04268,-65.86202,0.85953987
-4.138276553106213,-70.86936331448204,3.0,-71.75907617508616,False,-64.185684,5.043469,4.0908556,2.949827,-65.24025,0.8702913
-4.110220440881763,-69.43770272743348,3.0,-69.23806527985586,False,-63.332764,4.958306,4.0489745,2.8619223,-64.61847,0.8811971
-4.082164328657314,-68.02545418788065,3.0,-70.11772565778149,False,-62.47575,4.875979,4.006611,2.7788923,-63.996677,0.8924036
-4.054108216432866,-66.63248519037987,3.0,-63.66373338659531,False,-61.618244,4.794727,3.964731,2.696352,-63.374897,0.904212
-4.026052104208417,-65.25866322948748,3.0,-68.79357409883208,False,-60.76003,4.714014,3.9233408,2.6132972,-62.753113,0.9167423
-3.997995991983968,-63.9038557997598,3.0,-61.55680477250682,True,-59.896233,4.6326847,3.8822374,2.5278454,-62.13133,0.92957485
-3.969939879759519,-62.567930395753216,3.0,-63.139883568268694,True,-59.03078,4.552981,3.841512,2.4438531,-61.509357,0.9425869
-3.94188376753507,-61.25075451202403,3.0,-57.73701323162207,True,-58.16532,4.4742565,3.8012817,2.3599215,-60.795986,0.9558572
-3.9138276553106213,-59.95219564312862,3.0,-57.69958867693484,True,-57.29986,4.396545,3.761543,2.2760503,-59.836178,0.96932334
-3.885771543086172,-58.6721212836233,3.0,-53.210182810682895,True,-56.43441,4.319886,3.7222886,2.192255,-58.876286,0.9829789
-3.8577154308617234,-57.41039892806444,3.0,-55.218074854648506,True,-55.56896,4.2443132,3.6835146,2.1085336,-57.91638,0.99682736
-3.8296593186372747,-56.166896071008374,3.0,-60.8830168379681,True,-54.7035,4.169873,3.645217,2.024904,-56.95648,1.0111321
-3.8016032064128256,-54.94148020701142,3.0,-55.14233972570602,True,-53.838043,4.0966067,3.6073878,1.9413764,-55.99658,1.02588
-3.773547094188377,-53.73401883062997,3.0,-57.25004040841442,True,-52.972584,4.0245614,3.5700238,1.8579624,-55.03668,1.0408429
-3.7454909819639277,-52.544379436420314,3.0,-54.099218963519135,True,-52.104023,3.9539435,3.5321267,1.7770058,-54.076775,1.0561501
-3.717434869739479,-51.372429518938844,3.0,-46.838744219108676,True,-51.234215,3.8846068,3.4943092,1.6970487,-53.116867,1.0717218
-3.68937875751503,-50.218036572741866,3.0,-48.30543514004878,True,-50.364246,3.8163908,3.4567714,1.6172726,-52.156967,1.0871073
-3.661322645290581,-49.08106809238575,3.0,-51.17785937812199,True,-49.49317,3.7488427,3.4186542,1.5383838,-51.197063,1.1026499
-3.6332665330661325,-47.961391572426834,3.0,-51.00254367174803,True,-48.620533,3.682792,3.3807197,1.4607159,-50.23717,1.1184146
-3.6052104208416833,-46.85887450742143,3.0,-46.76052822879265,True,-47.745853,3.6169844,3.3431165,1.3806331,-49.277267,1.1348178
-3.5771543086172346,-45.77338439192593,3.0,-49.423064840069316,True,-46.867565,3.5507095,3.3056417,1.2962527,-48.317364,1.1514744
-3.5490981963927855,-44.70478872049664,3.0,-46.71820955268638,True,-45.98916,3.4860716,3.2686346,1.2119087,-47.35746,1.1689751
-3.5210420841683367,-43.65295498768993,3.0,-42.7169265730362,True,-45.110756,3.4232206,3.2321103,1.1277871,-46.397556,1.1881484
-3.4929859719438876,-42.61775068806212,3.0,-39.15181457974203,True,-44.232338,3.362232,3.1960604,1.0439363,-45.437656,1.2083647
-3.464929859719439,-41.59904331616957,3.0,-39.77275889949625,True,-43.353935,3.3031938,3.1604824,0.96043694,-44.477753,1.2289872
-3.4368737474949898,-40.596700366568605,3.0,-47.470568892362905,True,-42.47553,3.2461877,3.1253686,0.87738526,-43.517853,1.2500652
-3.408817635270541,-39.610589333815604,3.0,-38.69748914672483,True,-41.597122,3.191302,3.0907152,0.79491395,-42.55795,1.2715043
-3.3807615230460923,-38.64057771246688,3.0,-38.424476992769144,True,-40.718727,3.1386297,3.056517,0.713233,-41.598053,1.2933106
-3.352705410821643,-37.68653299707877,3.0,-36.444862140960694,True,-39.84032,3.088262,3.0227668,0.6326474,-40.63815,1.3149973
-3.3246492985971945,-36.74832268220764,3.0,-31.89969363725402,True,-38.961906,3.0402937,2.989461,0.553633,-39.67825,1.3366249
-3.2965931863727453,-35.82581426240982,3.0,-42.01552909282405,True,-38.0835,2.9948204,2.956594,0.47697133,-38.71834,1.3586085
-3.2685370741482966,-34.91887523224167,3.0,-36.69218550781498,True,-37.205093,2.9519384,2.924161,0.40400726,-37.75844,1.3808523
-3.2404809619238475,-34.0273730862595,3.0,-32.25465411787944,True,-36.326683,2.9117398,2.8921547,0.33714843,-36.79854,1.4034078
-3.212424849699399,-33.15117531901969,3.0,-37.895958517381516,True,-35.44828,2.874321,2.860573,0.28079247,-35.838634,1.4263322
-3.1843687374749496,-32.29014942507856,3.0,-27.862302280918033,True,-34.569866,2.8397703,2.8294084,0.2423709,-34.878735,1.4496306
-3.156312625250501,-31.444162898992467,3.0,-30.33909306089049,True,-33.696556,2.8080075,2.7987509,0.22781554,-33.91883,1.4733093
-3.1282565130260522,-30.613083235317752,3.0,-28.073331277787542,True,-32.834373,2.7786818,2.7684467,0.23827627,-32.95894,1.4973751
-3.100200400801603,-29.79677792861074,3.0,-31.509608913176123,True,-31.983114,2.7512965,2.73881,0.26182365,-31.999033,1.5218346
-3.0721442885771544,-28.995114473427805,3.0,-26.553823403529172,True,-31.13804,2.725486,2.7096794,0.2931061,-31.040924,1.5466927
-3.0440881763527052,-28.207960364325256,3.0,-25.00254569635814,True,-30.312551,2.7003934,2.6812317,0.3211241,-30.12529,1.5719576
-3.0160320641282565,-27.435183095859472,3.0,-26.73654903544797,True,-29.497623,2.6759539,2.6530073,0.34968832,-29.228813,1.5976348
-2.987975951903808,-26.67665016258678,3.0,-25.97344748449069,True,-28.698109,2.6502035,2.6253397,0.36217314,-28.439217,1.6237321
-2.9599198396793582,-25.93222905906349,3.0,-25.121199341218315,True,-27.903564,2.6242714,2.5982614,0.368563,-27.6662,1.6502553
-2.9318637274549095,-25.20178727984601,3.0,-27.791823074064155,True,-27.117422,2.5978127,2.5719333,0.36577407,-26.898964,1.6772113
-2.903807615230461,-24.485192319490647,3.0,-24.927778360211704,True,-26.337011,2.5730238,2.5462918,0.36993188,-26.131725,1.7043275
-2.875751503006012,-23.782311672553746,3.0,-24.239879269910823,True,-25.570269,2.546647,2.521337,0.3581496,-25.364492,1.7308288
-2.8476953907815634,-23.093012833591658,3.0,-21.942831240531174,True,-24.82417,2.5213234,2.4977024,0.34431764,-24.606058,1.757742
-2.819639278557114,-22.417163297160695,3.0,-19.41769055642981,True,-24.082615,2.4975774,2.4746375,0.33773163,-23.852613,1.7850745
-2.791583166332665,-21.75463055781725,3.0,-24.93023880375248,True,-23.355322,2.4773731,2.453054,0.34627005,-23.112316,1.8128306
-2.7635270541082164,-21.105282110117642,3.0,-21.480309201076373,True,-22.64559,2.4595518,2.4327579,0.36205453,-22.387554,1.8411876
-2.7354709418837677,-20.468985448618213,3.0,-16.024618805641293,True,-21.93582,2.4434247,2.4127686,0.38583934,-21.662792,1.8701639
-2.707414829659319,-19.84560806787531,3.0,-22.076372754313002,True,-21.237377,2.427312,2.3938127,0.40187594,-20.9728,1.8995209
-2.6793587174348694,-19.235017462445256,3.0,-21.701767514316217,True,-20.551071,2.410469,2.3756866,0.4080124,-20.310112,1.9286374
-2.6513026052104207,-18.637081126884432,3.0,-18.030162551390852,True,-19.871037,2.395106,2.3585477,0.4168766,-19.647429,1.9581994
-2.623246492985972,-18.05166655574916,3.0,-15.5185109842932,True,-19.209557,2.37895,2.3428643,0.4127832,-18.984737,1.9879503
-2.5951903807615233,-17.47864124359579,3.0,-17.44436307691381,True,-18.566631,2.3623219,2.3281224,0.4005129,-18.321815,2.0181904
-2.5671342685370737,-16.917872684980637,3.0,-12.93099091366967,True,-17.933102,2.3461096,2.314444,0.38416126,-17.652252,2.0480173
-2.539078156312625,-16.36922837446009,3.0,-13.798846426760509,True,-17.326345,2.329166,2.3027833,0.34957507,-16.989859,2.0777597
-2.5110220440881763,-15.83257580659047,3.0,-13.307115605920284,True,-16.734585,2.3149025,2.2926822,0.31997374,-16.381208,2.1079347
-2.4829659318637276,-15.30778247592812,3.0,-13.64543297195584,True,-16.163633,2.305075,2.2844007,0.3080325,-15.772558,2.1385467
-2.454909819639279,-14.794715877029384,3.0,-7.811756575991129,True,-15.602756,2.2967038,2.277316,0.29779217,-15.16391,2.169604
-2.4268537074148293,-14.293243504450592,3.0,-14.908728571048725,True,-15.054514,2.2863483,2.2705102,0.26864746,-14.669327,2.2011125
-2.3987975951903806,-13.803232852748115,3.0,-19.813799728947657,True,-14.509954,2.2763853,2.2639208,0.23789166,-14.199659,2.233078
-2.370741482965932,-13.324551416478284,3.0,-8.511788331926862,True,-13.970833,2.268233,2.2577612,0.21770307,-13.729989,2.265508
-2.342685370741483,-12.85706669019744,3.0,-14.230164983067917,True,-13.434817,2.261116,2.2518804,0.2041579,-13.260321,2.298409
-2.3146292585170336,-12.400646168461911,3.0,-12.077004835432811,True,-12.923462,2.2554815,2.247009,0.19531354,-12.790649,2.3321526
-2.286573146292585,-11.955157345828074,3.0,-8.026505291246494,True,-12.427516,2.2510648,2.242986,0.19054443,-12.320982,2.366976
-2.258517034068136,-11.520467716852252,3.0,-16.327246340029028,True,-11.948526,2.2472367,2.2400856,0.17913628,-11.851313,2.4023194
-2.2304609218436875,-11.096444776090792,3.0,-14.85138641840921,True,-11.483943,2.243503,2.2377272,0.16088393,-11.38164,2.4370887
-2.202404809619239,-10.682956018100036,3.0,-15.486789829456598,True,-11.025912,2.240709,2.2357638,0.14878641,-10.940904,2.472194
-2.174348697394789,-10.279868937436314,3.0,-12.662277807512584,True,-10.568392,2.2381182,2.2338946,0.13743116,-10.54519,2.5078046
-2.1462925851703405,-9.887051028655998,3.0,-8.568141210605017,True,-10.117058,2.2367013,2.232786,0.13228539,-10.14902,2.54384
-2.118236472945892,-9.504369786315415,3.0,-7.931806257877103,True,-9.68648,2.2374864,2.2337239,0.12970479,-9.759613,2.578805
-2.090180360721443,-9.13169270497091,3.0,-8.302870166985247,True,-9.273482,2.2391894,2.2351458,0.13450521,-9.412173,2.6131032
-2.0621242484969944,-8.768887279178825,3.0,-13.007184930855924,True,-8.874727,2.2424033,2.2372532,0.15189067,-9.064733,2.6478555
-2.034068136272545,-8.415821003495495,3.0,-15.346131313393427,True,-8.485735,2.2474136,2.2402906,0.17879057,-8.717294,2.6830063
-2.006012024048096,-8.072361372477284,3.0,-7.909300616306137,True,-8.099538,2.2532992,2.2435932,0.20891821,-8.371325,2.7186239
-1.9779559118236474,-7.738375880680523,3.0,-9.15370398159553,True,-7.7147913,2.2596664,2.2468264,0.24054794,-8.030031,2.754714
-1.9498997995991987,-7.413732022661557,3.0,-6.035574707511721,True,-7.347441,2.2665823,2.2508354,0.26671177,-7.688739,2.7888582
-1.921843687374749,-7.098297292976718,3.0,-4.992436414312907,True,-7.0002747,2.271653,2.2555323,0.2701486,-7.3474436,2.8228383
-1.8937875751503004,-6.791939186182371,3.0,-6.377214890006325,True,-6.677611,2.2757328,2.2614653,0.2544278,-7.0061483,2.8572319
-1.8657314629258517,-6.494525196834848,3.0,-4.214125940707287,True,-6.3589873,2.2805955,2.2679832,0.23951706,-6.664856,2.8922307
-1.837675350701403,-6.205922819490493,3.0,-5.518288697145288,True,-6.0467067,2.2855804,2.2747297,0.22244607,-6.3248982,2.9282908
-1.8096192384769543,-5.92599954870565,3.0,-4.33580543190125,True,-5.753638,2.2921987,2.2820427,0.21553752,-5.9899116,2.9648004
-1.7815631262525047,-5.654622879036651,3.0,-7.768642667646299,True,-5.4725466,2.3001904,2.289466,0.22185878,-5.657805,3.001766
-1.753507014028056,-5.39166030503986,3.0,-5.930494546534236,True,-5.196923,2.308846,2.2968316,0.23523094,-5.3263927,3.039192
-1.7254509018036073,-5.1369793212716095,3.0,-4.546651031300738,True,-4.9328356,2.3162,2.3042388,0.23508719,-4.9949765,3.077085
-1.6973947895791586,-4.8904474222882435,3.0,-2.428861996035987,True,-4.6739626,2.3230243,2.3117092,0.22900261,-4.6707854,3.1154492
-1.669338677354709,-4.651932102646098,3.0,-5.833155619319815,True,-4.423066,2.3299932,2.3194678,0.2212192,-4.3751082,3.155431
-1.6412825651302603,-4.4213008569015315,3.0,-2.8577990897051935,True,-4.183982,2.3370597,2.327527,0.2108693,-4.072745,3.1970148
-1.6132264529058116,-4.198421179610879,3.0,-4.995937555357016,True,-3.9501681,2.3447244,2.3357258,0.20522429,-3.7703815,3.239147
-1.5851703406813629,-3.9831605653304845,3.0,-4.335787067314875,True,-3.7317836,2.3515882,2.3436315,0.19328298,-3.4770284,3.281834
-1.5571142284569142,-3.775386508616691,3.0,-1.286829382544472,True,-3.5219264,2.358579,2.3514342,0.18344598,-3.2616587,3.323147
-1.5290581162324646,-3.574966504025836,3.0,-9.554147617188303,True,-3.3162384,2.3662813,2.3591154,0.1840182,-3.0464115,3.3600476
-1.5010020040080159,-3.3817680461142756,3.0,-7.271185030338559,True,-3.1145368,2.3742115,2.366341,0.1931583,-2.8311663,3.3967807
-1.4729458917835672,-3.195658629438346,3.0,-7.642214821766808,True,-2.9142623,2.3826041,2.3735206,0.2078527,-2.631278,3.433916
-1.4448897795591185,-3.016505748554391,3.0,-10.017354108099305,True,-2.717445,2.3910336,2.3807755,0.22124784,-2.4512148,3.471456
-1.4168336673346689,-2.8441768980187487,3.0,-4.8789702184842785,True,-2.527885,2.40023,2.3883471,0.23853849,-2.2711525,3.507945
-1.3887775551102202,-2.678539572387773,3.0,-0.43023787320455176,True,-2.3455548,2.4100192,2.3961742,0.2579563,-2.0910897,3.5432281
-1.3607214428857715,-2.5194612662178018,3.0,-3.374113465365526,True,-2.174805,2.4184544,2.4041011,0.2630941,-1.9110277,3.5786355
-1.3326653306613228,-2.3668094740651786,3.0,-1.773439228239622,True,-2.0039163,2.4269404,2.4120567,0.2683715,-1.7309675,3.6133034
-1.304609218436874,-2.2204516904862466,3.0,1.0472007996461312,True,-1.8426615,2.4370685,2.4201953,0.28628245,-1.5509048,3.6456807
-1.2765531062124245,-2.080255410037345,3.0,1.9028029867657295,True,-1.6885246,2.4468586,2.4284406,0.29965708,-1.4115064,3.6783466
-1.2484969939879758,-1.9460881272748258,3.0,-2.1535019314532446,True,-1.5414793,2.4564013,2.4366868,0.3105894,-1.2731639,3.7113059
-1.220440881763527,-1.8178173367550279,3.0,2.2429403319531636,True,-1.4096574,2.4655871,2.4454026,0.3148425,-1.134821,3.7445605
-1.1923847695390783,-1.6953105330342944,3.0,-1.4189305577319669,True,-1.2921749,2.474099,2.4545267,0.31058764,-0.99648154,3.777999
-1.1643286573146288,-1.5784352106689654,3.0,-4.090629882151352,True,-1.1760828,2.482816,2.4636703,0.3077403,-0.8767021,3.8105328
-1.13627254509018,-1.4670588642153914,3.0,-3.250259920811597,True,-1.063791,2.49161,2.4726799,0.30655366,-0.76249015,3.8433456
-1.1082164328657313,-1.3610489882299122,3.0,-5.8026585259249615,True,-0.95613843,2.5001106,2.4812837,0.30624196,-0.6499285,3.8762307
-1.0801603206412826,-1.2602730772688708,3.0,-3.9246746384698277,True,-0.8655585,2.5074208,2.490062,0.29453406,-0.5409889,3.9080956
-1.052104208416834,-1.164598625888611,3.0,-2.2386486901118987,True,-0.7853374,2.5146277,2.4990017,0.27989876,-0.4411906,3.940223
-1.0240480961923843,-1.0738931286454727,3.0,1.336861929490332,True,-0.71857727,2.520925,2.5079322,0.25561583,-0.36208314,3.9726155
-0.9959919839679356,-0.9880240800958057,3.0,4.174285413402146,True,-0.65263844,2.5275323,2.516838,0.23226428,-0.33090222,4.0017653
-0.9679358717434869,-0.9068589747959499,3.0,-5.05340352092707,True,-0.5871042,2.5345442,2.5257895,0.21048078,-0.31438285,4.029253
-0.9398797595190382,-0.8302653073022488,3.0,0.34821709747750806,True,-0.5246879,2.542202,2.534773,0.1942066,-0.3067716,4.0566125
-0.9118236472945895,-0.7581105721710457,3.0,-3.879742389643649,True,-0.46381885,2.5501842,2.5436761,0.18207411,-0.30172527,4.0841565
-0.8837675350701399,-0.690262263958682,3.0,0.7338290014309239,True,-0.41759795,2.5595055,2.5526483,0.18722975,-0.2966822,4.1118894
-0.8557114228456912,-0.6265878772215051,3.0,-1.0198478292846849,True,-0.37849265,2.5688822,2.5616446,0.19270009,-0.29163617,4.1398096
-0.8276553106212425,-0.5669549065158563,3.0,-6.059672384058447,True,-0.34464732,2.5782783,2.5705829,0.19905522,-0.28659213,4.1673217
-0.7995991983967938,-0.5112308463980789,3.0,2.273660128307374,True,-0.31358936,2.5876656,2.579464,0.20585945,-0.28154707,4.1945195
-0.7715430861723442,-0.45928319142451474,3.0,-2.2742853298507075,True,-0.2841845,2.5971527,2.5883675,0.21344028,-0.2765014,4.221894
-0.7434869739478955,-0.41097943615151034,3.0,-2.012680151272174,True,-0.25821665,2.6066234,2.5973668,0.21947926,-0.27145866,4.249448
-0.7154308617234468,-0.3661870751354073,3.0,-3.575444309004477,True,-0.23688427,2.6158164,2.606242,0.22360241,-0.27525473,4.2771816
-0.6873747494989981,-0.3247736029325491,3.0,-2.2876234329952156,True,-0.21756144,2.624988,2.614949,0.22935691,-0.29523718,4.305095
-0.6593186372745494,-0.286606514099279,3.0,0.9970648079854727,True,-0.19962312,2.6342373,2.6236253,0.23621134,-0.31521767,4.3331923
-0.6312625250500998,-0.2515533031919393,3.0,-0.8192863260011558,True,-0.18405747,2.6433752,2.6323597,0.24106762,-0.33520505,4.3614726
-0.6032064128256511,-0.21948146476687558,3.0,0.7665045420805675,True,-0.17295854,2.6520638,2.6411128,0.24076161,-0.35518816,4.389937
-0.5751503006012024,-0.19025849338043,3.0,0.895507068406101,True,-0.16462386,2.6603951,2.6497245,0.23803753,-0.37517095,4.4185867
-0.5470941883767537,-0.16375188358894588,3.0,3.7982330829955546,True,-0.16380219,2.6681116,2.658184,0.22994903,-0.39515603,4.447425
-0.5190380761523041,-0.13982912994876587,3.0,-1.168187582541904,True,-0.16896465,2.675757,2.6664112,0.22344112,-0.4151388,4.4746704
-0.4909819639278554,-0.11835772701623483,3.0,-4.548931177553431,True,-0.17408197,2.683555,2.674677,0.21810691,-0.43512255,4.4952617
-0.4629258517034067,-0.0992051693476953,3.0,3.1024620803682534,True,-0.17659277,2.6912813,2.682941,0.21171398,-0.45510274,4.5159483
-0.434869739478958,-0.08223895149949062,3.0,-1.0767034677912546,True,-0.18097904,2.6990166,2.691207,0.20517395,-0.47508717,4.5367303
-0.4068136272545093,-0.06732656802796413,3.0,3.276450765704167,True,-0.18646769,2.7068133,2.6994932,0.19893572,-0.49507123,4.557608
-0.3787575150300597,-0.054335513489458816,3.0,1.0957958260579526,True,-0.19291696,2.7145634,2.7077363,0.19240111,-0.5150547,4.578582
-0.350701402805611,-0.04313328244031881,3.0,-0.4365458730503536,True,-0.2039719,2.7217095,2.715645,0.18158902,-0.53503746,4.5996513
-0.3226452905811623,-0.03358736943688703,3.0,1.0127403127019983,True,-0.21502769,2.7289982,2.7235863,0.1717808,-0.5550209,4.6208186
-0.2945891783567136,-0.025565269035506814,3.0,5.827472411343392,True,-0.22687146,2.7361803,2.7313066,0.16323881,-0.5750066,4.642083
-0.2665330661322649,-0.018934475792521506,3.0,6.212007111368738,True,-0.24099943,2.742982,2.7385287,0.15623838,-0.59499073,4.663446
-0.23847695390781531,-0.013562484264274295,3.0,0.1945809211340618,True,-0.25538793,2.74979,2.7456408,0.15099902,-0.6149732,4.6849074
-0.2104208416833666,-0.009316789007108865,3.0,0.47125499094411705,True,-0.27310252,2.7560136,2.75232,0.14263684,-0.6359422,4.706466
-0.1823647294589179,-0.006064884577368365,3.0,3.222655587821788,True,-0.2935217,2.7621322,2.7589178,0.1332169,-0.6576797,4.7281256
-0.1543086172344692,-0.003674265531396143,3.0,-2.5406573638334375,True,-0.3151974,2.7684758,2.7655263,0.1277586,-0.67941546,4.7498827
-0.1262525050100196,-0.0020124264255354978,3.0,0.9971986914292299,True,-0.33767664,2.7749343,2.7721512,0.12424446,-0.701151,4.7709236
-0.09819639278557091,-0.0009468618161298734,3.0,-0.07853540567769908,True,-0.36070687,2.7815132,2.7787936,0.12297303,-0.7228898,4.7893796
-0.0701402805611222,-0.0003450662595225505,3.0,0.9413795681131383,True,-0.38444573,2.7880406,2.785288,0.12386184,-0.744624,4.8076763
-0.0420841683366735,-7.453431205687185e-05,3.0,-2.500180952160274,True,-0.40845853,2.7946444,2.7917385,0.1274066,-0.76636183,4.8217287
-0.014028056112224796,-2.7605300761806136e-06,3.0,-4.768705240456983,True,-0.43224993,2.8011904,2.7980053,0.1335393,-0.78809893,4.831889
0.014028056112224796,2.7605300761806136e-06,3.0,-6.218947547443799,True,-0.45640025,2.8076615,2.8041167,0.14104192,-0.80706006,4.839966
0.0420841683366735,7.453431205687185e-05,3.0,-3.3520778046567665,True,-0.48237133,2.8144248,2.810253,0.15318215,-0.822227,4.8480544
0.0701402805611222,0.0003450662595225505,3.0,-1.3756807885584765,True,-0.5075916,2.8210742,2.8160212,0.16877261,-0.83599657,4.856156
0.09819639278557091,0.0009468618161298734,3.0,-0.8786278981301556,True,-0.53471214,2.8276157,2.8215077,0.18575554,-0.84610146,4.864272
0.1262525050100205,0.00201242642553554,3.0,5.813705913714086,True,-0.56258684,2.834262,2.8269362,0.20364432,-0.8562076,4.872402
0.1543086172344692,0.003674265531396143,3.0,3.3216543752532903,True,-0.5905119,2.8399043,2.8315136,0.21814622,-0.8663141,4.880067
0.1823647294589179,0.006064884577368365,3.0,-2.8802084644475134,True,-0.6170561,2.8455336,2.8361874,0.23044218,-0.8764183,4.886986
0.2104208416833666,0.009316789007108865,3.0,1.0524421463599796,True,-0.6424018,2.8509789,2.8407662,0.24109845,-0.8865248,4.893914
0.23847695390781531,0.013562484264274295,3.0,-1.2076722247867009,True,-0.6636928,2.8557425,2.8450863,0.2464704,-0.896631,4.900853
0.2665330661322649,0.018934475792521506,3.0,-0.8341570383277639,True,-0.6862956,2.8602638,2.8489923,0.25367734,-0.9067345,4.9078016
0.2945891783567136,0.025565269035506814,3.0,0.5815422172816529,True,-0.7085899,2.8649607,2.853026,0.2612335,-0.91336447,4.9147587
0.3226452905811623,0.03358736943688703,3.0,1.891100720363067,True,-0.7262361,2.869261,2.8568094,0.26701984,-0.91989523,4.9217277
0.350701402805611,0.04313328244031881,3.0,-0.9746421692117273,True,-0.7409239,2.8731356,2.8604672,0.26951015,-0.92642206,4.9269576
0.3787575150300606,0.0543355134894592,3.0,3.2458901116925345,True,-0.7541679,2.876732,2.8639987,0.2703679,-0.9329545,4.931522
0.4068136272545093,0.06732656802796413,3.0,-3.358488110399248,True,-0.7664124,2.880187,2.8672037,0.2731681,-0.9394836,4.929104
0.434869739478958,0.08223895149949062,3.0,0.10125613858629595,True,-0.7724164,2.8835435,2.870144,0.27766374,-0.94743377,4.921803
0.4629258517034067,0.0992051693476953,3.0,7.892226349135192,True,-0.77556956,2.8865802,2.8730907,0.27873573,-0.9428068,4.913333
0.4909819639278554,0.11835772701623483,3.0,0.7875969548920602,True,-0.77700275,2.889518,2.8758307,0.28091156,-0.9380373,4.9038844
0.519038076152305,0.1398291299487666,3.0,4.439472649767285,True,-0.7718799,2.8918989,2.878399,0.2791036,-0.9332655,4.892022
0.5470941883767537,0.16375188358894588,3.0,0.4383124181085704,True,-0.7612447,2.894541,2.880798,0.28172535,-0.92849565,4.880187
0.5751503006012024,0.19025849338043,3.0,1.93258977936982,True,-0.7452103,2.8976042,2.8828895,0.2916458,-0.92372584,4.8670263
0.6032064128256511,0.21948146476687558,3.0,0.04913188158880097,True,-0.7260727,2.9006584,2.8846912,0.30393276,-0.9077303,4.8530803
0.6312625250501007,0.25155330319194036,3.0,-0.25966944030067296,True,-0.7042236,2.9040966,2.8864517,0.31964678,-0.8718853,4.8381996
0.6593186372745494,0.286606514099279,3.0,-2.05184067607698,True,-0.6754809,2.9073393,2.8882782,0.33236945,-0.8431172,4.8230543
0.6873747494989981,0.3247736029325491,3.0,1.6156776798052088,True,-0.6432938,2.9106107,2.890153,0.34448585,-0.8171501,4.807935
0.7154308617234468,0.3661870751354073,3.0,-2.1884244924218965,True,-0.6094593,2.9139538,2.8920066,0.35696393,-0.7911811,4.790737
0.7434869739478955,0.41097943615151034,3.0,2.407735145091798,True,-0.56708086,2.9166923,2.8931684,0.36968815,-0.76521826,4.773431
0.7715430861723451,0.4592831914245163,3.0,3.7151442047622463,True,-0.5138643,2.91895,2.8933477,0.3857573,-0.7392489,4.7561884
0.7995991983967938,0.5112308463980789,3.0,1.6108250681097687,True,-0.4459126,2.9201524,2.8936515,0.3925187,-0.7111797,4.739008
0.8276553106212425,0.5669549065158563,3.0,-0.2917912941512193,True,-0.36036587,2.918427,2.893802,0.37831935,-0.6539298,4.72189
0.8557114228456912,0.6265878772215051,3.0,1.9884846151475934,True,-0.26462564,2.916791,2.8931637,0.3705039,-0.5966804,4.704834
0.8837675350701399,0.690262263958682,3.0,-0.23575690268055594,True,-0.1605545,2.9145114,2.8922598,0.3594568,-0.53942895,4.6878386
0.9118236472945895,0.7581105721710457,3.0,3.564751948566494,True,-0.056482933,2.9124186,2.8913662,0.34954748,-0.48213482,4.6709046
0.9398797595190382,0.8302653073022488,3.0,-4.663952945343123,True,0.04879077,2.9104903,2.8904824,0.34068346,-0.42438093,4.654032
0.9679358717434869,0.9068589747959499,3.0,-0.09996312955998876,True,0.1611673,2.9080186,2.8895435,0.32727662,-0.36662504,4.636567
0.9959919839679356,0.9880240800958057,3.0,-4.984411905276187,True,0.28444132,2.9057999,2.88799,0.321226,-0.2840571,4.6174107
1.0240480961923843,1.0738931286454727,3.0,-3.4112893620361424,True,0.41012913,2.903623,2.8863523,0.31622246,-0.12615022,4.5956674
1.052104208416834,1.164598625888611,3.0,5.256185315330339,True,0.5435082,2.901652,2.8843281,0.31660074,0.05612865,4.5721154
1.0801603206412835,1.260273077268874,3.0,3.9458280231839318,True,0.68914145,2.8988814,2.882279,0.30981117,0.2669027,4.548684
1.1082164328657313,1.3610489882299122,3.0,-0.7973917116244589,True,0.8482739,2.8952096,2.880246,0.293976,0.4925416,4.5217724
1.136272545090181,1.467058864215395,3.0,-3.0404515039072963,True,1.0133541,2.8911617,2.878081,0.27470714,0.7181792,4.494778
1.1643286573146288,1.5784352106689654,3.0,-7.315151302855988,True,1.1879001,2.8869712,2.8757825,0.25392437,0.9438194,4.4679437
1.1923847695390783,1.6953105330342944,3.0,0.06482400923639076,True,1.371896,2.8822954,2.8730433,0.23075913,1.1694549,4.441271
1.220440881763528,1.8178173367550317,3.0,9.079062373497239,True,1.5565873,2.8777246,2.8702052,0.20789762,1.3950965,4.4153233
1.2484969939879758,1.9460881272748258,3.0,3.250740941665768,True,1.753527,2.8727167,2.8670654,0.18010134,1.6207364,4.3895483
1.2765531062124253,2.080255410037349,3.0,0.40153855188888077,True,1.9543421,2.8677077,2.8638568,0.14856689,1.8463732,4.3635488
1.3046092184368732,2.220451690486242,3.0,3.615692318987161,True,2.1546872,2.8630219,2.8605478,0.119001135,2.072011,4.3352504
1.3326653306613228,2.3668094740651786,3.0,-2.31606558491815,True,2.3534095,2.858442,2.8569381,0.09270906,2.2976513,4.305989
1.3607214428857723,2.5194612662178066,3.0,1.6274911781249004,True,2.5496562,2.8535576,2.8525903,0.074288085,2.5232892,4.2754335
1.3887775551102202,2.678539572387773,3.0,2.9769719914349886,True,2.7456346,2.8491948,2.8481898,0.07567199,2.7489305,4.2450967
1.4168336673346698,2.844176898018754,3.0,2.5858749425556087,True,2.9417844,2.8453064,2.8436754,0.09632418,2.9745674,4.214974
1.4448897795591176,3.0165057485543856,3.0,5.388924113624627,True,3.1382408,2.8417792,2.8389306,0.12721324,3.200204,4.1850657
1.4729458917835672,3.195658629438346,3.0,4.2295943081465035,True,3.3343215,2.8386264,2.833971,0.16250452,3.4258494,4.1553683
1.5010020040080168,3.3817680461142814,3.0,5.386746100438272,True,3.529068,2.835846,2.8288147,0.1995719,3.651482,4.125883
1.5290581162324646,3.574966504025836,3.0,1.5098496573335578,True,3.7279847,2.8338423,2.8237417,0.23905003,3.877121,4.0971184
1.5571142284569142,3.775386508616691,3.0,6.468832733848336,True,3.931522,2.8328552,2.818731,0.2825318,4.1027584,4.068785
1.585170340681362,3.983160565330478,3.0,8.869971408202453,True,4.1511893,2.8314526,2.81356,0.31781164,4.328402,4.0406485
1.6132264529058116,4.198421179610879,3.0,1.287972620656641,True,4.3812013,2.8290348,2.8078258,0.34576344,4.558858,4.0127063
1.6412825651302612,4.421300856901539,3.0,1.7582138897578594,True,4.6171827,2.8273597,2.8020222,0.37766895,4.7977715,3.983813
1.669338677354709,4.651932102646098,3.0,8.659285111606797,True,4.8614035,2.8266306,2.7962892,0.41304693,5.0366898,3.9525154
1.6973947895791586,4.8904474222882435,3.0,4.316415462203063,True,5.1140804,2.8251958,2.7903726,0.4422122,5.2756057,3.91857
1.7254509018036082,5.1369793212716175,3.0,9.348443497471289,True,5.3762293,2.82456,2.7841742,0.47593307,5.514522,3.8847303
1.753507014028056,5.39166030503986,3.0,4.064053169363309,True,5.6465993,2.8232913,2.7774134,0.5069016,5.75344,3.848027
1.7815631262525056,5.65462287903666,3.0,10.019759607848794,True,5.9320908,2.8206594,2.7703924,0.53013635,5.992356,3.8116717
1.8096192384769534,5.925999548705641,3.0,6.320456999121998,True,6.2284408,2.8172698,2.7629273,0.55067396,6.2312703,3.7754874
1.837675350701403,6.205922819490493,3.0,6.980609289458579,True,6.531301,2.8144753,2.7554562,0.57335246,6.4701877,3.7396169
1.8657314629258526,6.494525196834858,3.0,11.188679261844571,True,6.8468843,2.8082464,2.7481134,0.5780313,6.7091036,3.704086
1.8937875751503004,6.791939186182371,3.0,5.706627753849857,True,7.163359,2.801466,2.7402508,0.58244026,6.9480166,3.6688173
1.92184368737475,7.098297292976728,3.0,4.274931005201853,True,7.4800386,2.7947676,2.731979,0.5890826,7.1888547,3.6309762
1.9498997995991978,7.413732022661547,3.0,6.068039398576484,True,7.7987037,2.7876196,2.723675,0.59364825,7.4593787,3.5935268
1.9779559118236474,7.738375880680523,3.0,9.095377732609938,True,8.11789,2.7804804,2.7153704,0.59819204,7.729906,3.5564625
2.006012024048097,8.072361372477294,3.0,3.3750841559357507,True,8.445211,2.774445,2.706105,0.6119977,8.000437,3.51978
2.034068136272545,8.415821003495495,3.0,10.32823371144886,True,8.775302,2.7684667,2.69689,0.6254535,8.270959,3.4834769
2.0621242484969944,8.768887279178825,3.0,7.152573326325596,True,9.107058,2.7624602,2.6877427,0.6381428,8.541483,3.4475482
2.090180360721442,9.131692704970899,3.0,12.575130687171589,True,9.443613,2.756561,2.6787446,0.6503502,8.812009,3.4119895
2.118236472945892,9.504369786315415,3.0,2.3215888716140007,True,9.785313,2.7507892,2.6698618,0.6623279,9.08254,3.376797
2.1462925851703414,9.88705102865601,3.0,7.527353703343504,True,10.156005,2.7378793,2.661017,0.64418226,9.450597,3.3419688
2.174348697394789,10.279868937436314,3.0,5.220464483734008,True,10.556942,2.723645,2.6533306,0.6148821,9.851839,3.3072171
2.202404809619239,10.682956018100036,3.0,8.204267619008178,True,10.967231,2.7124999,2.6464329,0.59501964,10.253087,3.2717679
2.2304609218436866,11.09644477609078,3.0,11.839442479417608,True,11.382606,2.7008471,2.6396167,0.571839,10.654328,3.2364404
2.258517034068136,11.520467716852252,3.0,10.982787840502988,True,11.813452,2.6879125,2.6326468,0.54225826,11.055573,3.2015305
2.286573146292586,11.955157345828088,3.0,11.195024638984043,True,12.257892,2.6741576,2.6262476,0.50392693,11.473814,3.1692617
2.3146292585170336,12.400646168461911,3.0,11.92309155432173,True,12.7054615,2.661221,2.6201031,0.46600026,11.902068,3.1353576
2.342685370741483,12.85706669019744,3.0,13.46723141205727,True,13.16599,2.6503582,2.6141896,0.43636152,12.365858,3.1017141
2.370741482965933,13.324551416478299,3.0,10.298943290648975,True,13.642654,2.640357,2.6090121,0.40563667,12.882016,3.0678067
2.3987975951903806,13.803232852748115,3.0,15.923781775445267,True,14.133951,2.628474,2.6028912,0.36583343,13.41463,3.0335298
2.42685370741483,14.293243504450608,3.0,16.28124141560706,True,14.637159,2.6173527,2.5972588,0.32370016,14.003365,2.999636
2.454909819639278,14.794715877029368,3.0,15.94982968999767,True,15.14825,2.6091444,2.5926363,0.29304,14.616987,2.9661207
2.4829659318637276,15.30778247592812,3.0,16.977382804181907,True,15.677237,2.6048312,2.5894265,0.28287178,15.229731,2.929923
2.511022044088177,15.832575806590485,3.0,16.721829809016462,True,16.210526,2.6010914,2.5864964,0.2751619,15.842472,2.8929489
2.539078156312625,16.36922837446009,3.0,22.47444828265329,True,16.748804,2.5985715,2.5839543,0.27523535,16.455217,2.8564415
2.5671342685370746,16.917872684980654,3.0,16.656590171823126,True,17.300602,2.59921,2.5826933,0.292554,17.067957,2.8203952
2.5951903807615224,17.478641243595767,3.0,16.557391588592036,True,17.877132,2.6031144,2.5832224,0.32119408,17.680698,2.7834125
2.623246492985972,18.05166655574916,3.0,15.791083814677027,True,18.46844,2.6081374,2.5843112,0.35173213,18.295208,2.7455838
2.6513026052104216,18.63708112688445,3.0,15.54029311515094,True,19.070217,2.6136012,2.5851798,0.3843907,18.938604,2.7082405
2.6793587174348694,19.235017462445256,3.0,15.50160209964203,True,19.703302,2.6195223,2.5870667,0.41107586,19.599802,2.6707785
2.707414829659319,19.84560806787531,3.0,17.179216128182556,True,20.37405,2.6269295,2.591217,0.43168545,20.356146,2.6338344
2.735470941883767,20.468985448618195,3.0,20.25694430366198,True,21.073198,2.6354737,2.5969648,0.44888145,21.16076,2.5974016
2.7635270541082164,21.105282110117642,3.0,22.108167495610786,True,21.802296,2.6436229,2.604412,0.45362887,21.965374,2.5614722
2.791583166332666,21.75463055781727,3.0,21.908056733473753,True,22.553913,2.6512594,2.6134896,0.44592354,22.77934,2.5260406
2.819639278557114,22.417163297160695,3.0,20.120557464871556,True,23.323406,2.658033,2.6235263,0.4269062,23.600924,2.4910989
2.8476953907815634,23.093012833591658,3.0,25.79356652565155,True,24.106777,2.6638155,2.634041,0.39716482,24.4225,2.4568732
2.8757515030060112,23.782311672553725,3.0,26.000549689456566,True,24.903349,2.6715968,2.644882,0.37686634,25.24409,2.4231293
2.903807615230461,24.485192319490647,3.0,24.006247397224595,True,25.697704,2.6796658,2.6553912,0.35986853,26.065678,2.389848
2.9318637274549104,25.20178727984603,3.0,23.243038845851896,True,26.492386,2.6875868,2.665528,0.3436309,26.887264,2.3573096
2.9599198396793582,25.93222905906349,3.0,27.57751282155289,True,27.307972,2.6958485,2.6773078,0.31562823,27.708845,2.325584
2.987975951903808,26.67665016258678,3.0,27.24057092504509,True,28.123692,2.704913,2.6893082,0.2901291,28.530434,2.294284
3.0160320641282574,27.435183095859497,3.0,23.090801317614353,True,28.935898,2.7141678,2.7013977,0.26297835,29.352022,2.2634063
3.0440881763527052,28.207960364325256,3.0,28.004019596372043,True,29.746552,2.723947,2.7135112,0.23820981,30.173609,2.2329438
3.072144288577155,28.995114473427815,3.0,29.78122190965096,True,30.563782,2.7345228,2.7263837,0.21082361,30.995197,2.2028913
3.1002004008016026,29.796777928610727,3.0,27.097693569147467,True,31.37968,2.7451704,2.7387624,0.18745922,31.816772,2.173363
3.1282565130260522,30.613083235317752,3.0,31.182613413830083,True,32.19398,2.7568982,2.75103,0.1797813,32.63836,2.1459835
3.156312625250502,31.444162898992495,3.0,27.07969544321913,True,33.004505,2.7690833,2.7628012,0.18641688,33.45994,2.1194239
3.1843687374749496,32.29014942507856,3.0,36.29870772511507,True,33.815273,2.7831554,2.775261,0.20947734,34.28153,2.094007
3.2124248496993992,33.15117531901971,3.0,36.895025274198005,True,34.626045,2.7985034,2.7878342,0.2441332,35.103115,2.0688946
3.240480961923847,34.02737308625949,3.0,33.26982108335059,True,35.435345,2.81488,2.800448,0.28467527,35.924706,2.0440836
3.2685370741482966,34.91887523224167,3.0,36.00923824575889,True,36.24235,2.8320608,2.813063,0.32748547,36.746292,2.019405
3.2965931863727462,35.82581426240985,3.0,28.596048365010226,True,37.04957,2.8504953,2.8259575,0.3732124,37.56787,1.9940923
3.324649298597194,36.74832268220763,3.0,33.27927970141163,True,37.85759,2.8705857,2.8396368,0.42038596,38.389458,1.9690982
3.3527054108216436,37.686532997078785,3.0,36.80519623662239,True,38.665604,2.8917153,2.8534563,0.46883252,39.210648,1.9462644
3.3807615230460915,38.64057771246685,3.0,35.42417864818627,True,39.473625,2.9138668,2.8674188,0.51819825,40.02399,1.9240322
3.408817635270541,39.610589333815604,3.0,41.75377878170758,True,40.281647,2.9370174,2.8815224,0.5682436,40.837337,1.9020537
3.4368737474949906,40.59670036656864,3.0,46.58858995881262,True,41.089672,2.9611497,2.8957715,0.6188004,41.650673,1.8803263
3.4649298597194385,41.599043316169556,3.0,38.06919915788165,True,41.897694,2.9862406,2.9101646,0.6697574,42.464012,1.8588476
3.492985971943888,42.61775068806213,3.0,40.10536047580655,True,42.70571,3.0122712,2.924705,0.72102636,43.277954,1.8378756
3.5210420841683376,43.65295498768997,3.0,44.359300092619755,True,43.51374,3.0392196,2.9393923,0.77254695,44.09266,1.8174933
3.5490981963927855,44.70478872049664,3.0,49.5381371659955,True,44.32176,3.0670636,2.9542277,0.8242679,44.907368,1.7973373
3.577154308617235,45.77338439192595,3.0,42.10626145430624,True,45.129784,3.0957832,2.9692123,0.8761578,45.72207,1.7774047
3.605210420841683,46.85887450742142,3.0,47.605982874342246,True,45.937798,3.125359,2.9843478,0.9281908,46.53622,1.7576934
3.6332665330661325,47.961391572426834,3.0,53.42528812486616,True,46.74582,3.1557689,2.9996355,0.98033965,47.346222,1.738201
3.661322645290582,49.081068092385784,3.0,44.125790647847985,True,47.55385,3.1869915,3.0150757,1.0325855,48.156223,1.7189238
3.68937875751503,50.218036572741866,3.0,46.37482895220437,True,48.361477,3.218875,3.0303805,1.085334,48.96622,1.6998612
3.7174348697394795,51.372429518938866,3.0,50.10160969955635,True,49.16808,3.251204,3.04506,1.139271,49.7701,1.681576
3.7454909819639273,52.54437943642029,3.0,50.98261419785406,True,49.974678,3.28432,3.0598695,1.1932969,50.573948,1.6635581
3.773547094188377,53.73401883062997,3.0,56.1718226938909,True,50.78129,3.318205,3.07481,1.2474083,51.377804,1.6457332
3.8016032064128265,54.94148020701146,3.0,55.66645936647397,True,51.58789,3.352835,3.0898824,1.3015869,52.181652,1.6290631
3.8296593186372743,56.16689607100835,3.0,50.84200989208197,True,52.393852,3.3878326,3.104987,1.3551626,52.98414,1.6129264
3.857715430861724,57.41039892806446,3.0,58.95663013676689,True,53.19853,3.422789,3.1200233,1.407459,53.78255,1.5969844
3.8857715430861717,58.67212128362328,3.0,56.939504621556324,True,54.000267,3.4594164,3.1345522,1.4636061,54.580967,1.5812005
3.9138276553106213,59.95219564312862,3.0,63.77553729395233,True,54.79734,3.4971638,3.1482468,1.522727,55.37369,1.5655726
3.941883767535071,61.250754512024066,3.0,59.36799190271331,True,55.588146,3.535711,3.1613169,1.5834545,56.156185,1.5500989
3.9699398797595187,62.567930395753194,3.0,60.65808454644649,True,56.372692,3.5716627,3.1739438,1.6379428,56.927933,1.5348039
3.9979959919839683,63.903855799759825,3.0,65.52725063217342,True,57.15459,3.6070712,3.186532,1.6902587,57.688194,1.5204078
4.026052104208416,65.25866322948744,3.0,67.54744267649825,False,57.93343,3.6422477,3.1990213,1.7413301,58.43815,1.5061473
4.054108216432866,66.63248519037987,3.0,67.97678328218848,False,58.70295,3.6783202,3.2101681,1.7957895,59.172714,1.4920204
4.082164328657315,68.0254541878807,3.0,62.96866223572627,False,59.469444,3.7139387,3.221114,1.8487201,59.902596,1.4780259
4.110220440881763,69.43770272743348,3.0,71.05180604721822,False,60.23593,3.7502131,3.2321799,1.9018706,60.628338,1.464163
4.138276553106213,70.86936331448204,3.0,67.76643915945884,False,61.000355,3.7860358,3.2432082,1.9533734,61.354103,1.4504294
4.166332665330662,72.32056845446996,3.0,73.02639678923475,False,61.764374,3.8222644,3.254311,2.0047853,62.079865,1.4368253
4.19438877755511,73.79145065284081,3.0,69.52024734664363,False,62.525856,3.8604834,3.265077,2.0597582,62.80242,1.4233481
4.22244488977956,75.28214241503842,3.0,76.62110885766761,False,63.28705,3.8995106,3.275895,2.1153471,63.520298,1.4099979
4.2505010020040075,76.79277624650626,3.0,74.37297953358414,False,64.048256,3.9391878,3.286817,2.1711829,64.23818,1.3970335
4.278557114228457,78.32348465268818,3.0,74.47558070190661,False,64.80945,3.9794874,3.2978406,2.2272334,64.95606,1.3844559
4.306613226452907,79.87440013902774,3.0,82.01586054847493,False,65.57065,4.0203977,3.3089685,2.28349,65.67394,1.3719604
4.3346693386773545,81.44565521096851,3.0,82.17058877599877,False,66.331116,4.0623655,3.320191,2.3407578,66.39183,1.3595777
4.362725450901804,83.03738237395433,3.0,81.19545196977563,False,67.08662,4.1082745,3.3312862,2.4042568,67.1097,1.3473073
4.390781563126252,84.64971413342865,3.0,89.00325068049185,False,67.84123,4.1544385,3.3424287,2.4672918,67.82758,1.335147
4.4188376753507015,86.28278299483534,3.0,84.96082573012612,False,68.588394,4.1974034,3.3534858,2.5243473,68.54547,1.3230965
4.446893787575151,87.93672146361796,3.0,88.03304448553077,False,69.33296,4.239553,3.3643262,2.5797517,69.26335,1.3111548
4.474949899799599,89.61166204522006,3.0,90.41840238825586,False,70.07637,4.281669,3.375159,2.634576,69.981224,1.2996349
4.5030060120240485,91.30773724508549,3.0,89.44873944269965,False,70.81977,4.32436,3.386106,2.6896791,70.699104,1.2890435
4.531062124248496,93.02507956865772,3.0,94.4384884488575,False,71.56319,4.367612,3.3971689,2.7450457,71.416985,1.2786303
4.559118236472946,94.7638215213806,3.0,93.16346447988643,False,72.306595,4.411406,3.408345,2.8006587,72.134865,1.2684567
4.5871743486973955,96.52409560869769,3.0,95.28918064204906,False,73.05,4.4557295,3.4196389,2.8565009,72.852745,1.2583642
4.615230460921843,98.30603433605253,3.0,102.39396225546255,False,73.79338,4.5005565,3.4310496,2.912543,73.57063,1.2483517
4.643286573146293,100.109770208889,3.0,96.9880120513517,False,74.53508,4.5452123,3.4426413,2.9676886,74.28851,1.2385514
4.6713426853707425,101.93543573265066,3.0,94.6970947398622,False,75.27461,4.592914,3.4541998,3.0271046,75.0064,1.2288485
4.69939879759519,103.78316341278104,3.0,108.61597439781671,False,76.01292,4.6428156,3.4657903,3.089342,75.72189,1.2192279
4.72745490981964,105.65308575472402,3.0,113.30106961254502,False,76.75118,4.6932497,3.4774904,3.1517699,76.437065,1.2099487
4.755511022044088,107.54533526392302,3.0,106.32952746757502,False,77.48796,4.7435355,3.4889326,3.2137952,77.15224,1.2007397
4.783567134268537,109.46004444582195,3.0,103.6495303239614,False,78.221466,4.793926,3.4988933,3.2771127,77.867424,1.1916014
4.811623246492987,111.39734580586435,3.0,110.46589387727651,False,78.95427,4.844407,3.5088716,3.3400753,78.57829,1.1825321
4.839679358717435,113.35737184949373,3.0,112.49870299997173,False,79.687096,4.895398,3.518944,3.4032273,79.287125,1.1735324
4.867735470941884,115.34025508215402,3.0,114.77048355908724,False,80.41988,4.9468555,3.5291088,3.466522,79.99597,1.1646008
4.895791583166332,117.3461280092886,3.0,114.00596388352307,False,81.15012,4.9973865,3.5392556,3.528107,80.70406,1.155737
4.923847695390782,119.37512313634141,3.0,121.11380656377085,False,81.879944,5.048385,3.5494835,3.5898964,81.40859,1.1470184
4.951903807615231,121.42737296875596,3.0,123.00089509461422,False,82.60696,5.1022058,3.5594413,3.6555276,82.11311,1.1386272
4.979959919839679,123.50301001197577,3.0,119.01979315251785,False,83.332565,5.157768,3.569268,3.7232907,82.81764,1.1302973
5.008016032064129,125.60216677144479,3.0,127.69975696652945,False,84.05818,5.213834,3.5791907,3.7912345,83.52216,1.1222006
5.0360721442885765,127.72497575260637,3.0,133.88303069844403,False,84.78379,5.2703824,3.5892098,3.85934,84.22669,1.1143413
5.064128256513026,129.87156946090445,3.0,130.38745045821562,False,85.50927,5.32738,3.599379,3.9275246,84.93122,1.1070743
5.092184368737476,132.04208040178258,3.0,131.03010491557706,False,86.231735,5.387432,3.6089694,3.9999704,85.63704,1.0999382
5.1202404809619235,134.23664108068425,3.0,133.8106314374617,False,86.95406,5.4481115,3.618619,4.0727773,86.34347,1.0927254
5.148296593186373,136.45538400305338,3.0,138.30115430395907,False,87.6764,5.5092726,3.628365,4.1457267,87.049904,1.085471
5.176352705410821,138.6984416743334,3.0,133.50642685781173,False,88.39851,5.5707555,3.6382551,4.21858,87.75633,1.0782645
5.2044088176352705,140.9659465999682,3.0,141.4591187089001,False,89.12052,5.63266,3.6482391,4.2915277,88.462776,1.0711054
5.23246492985972,143.2580312854013,3.0,142.08663943701288,False,89.84212,5.6948204,3.658294,4.3643856,89.16921,1.064137
5.260521042084168,145.57482823607623,3.0,151.11830327494437,False,90.56187,5.75649,3.6684177,4.4362025,89.87563,1.057492
5.2885771543086175,147.9164699574369,3.0,147.39395175602203,False,91.2746,5.8167906,3.677741,4.506581,90.57881,1.0508885
5.316633266533067,150.2830889549269,3.0,155.28675178828547,False,91.9836,5.8780527,3.6865454,4.5783067,91.28091,1.0443267
5.344689378757515,152.67481773398967,3.0,149.36359564064364,False,92.69092,5.93806,3.695373,4.648093,91.9655,1.0378057
5.3727454909819645,155.09178880006917,3.0,156.85356630047755,False,93.39708,5.997274,3.7042487,4.716549,92.65009,1.0313252
5.400801603206412,157.5341346586088,3.0,158.49233544998248,False,94.10087,6.0546417,3.713135,4.782396,93.334694,1.0248854
5.428857715430862,160.00198781505244,3.0,157.3948460714581,False,94.803696,6.1113877,3.722077,4.847185,94.01929,1.0184859
5.4569138276553115,162.49548077484368,3.0,163.02766911875452,False,95.50415,6.1660686,3.7310395,4.909149,94.70387,1.0118304
5.484969939879759,165.014746043426,3.0,168.65230255392078,False,96.2046,6.2209644,3.7400873,4.9711313,95.38846,1.0052094
5.513026052104209,167.5599161262433,3.0,166.58854101338352,False,96.90507,6.276069,3.7492185,5.033131,96.073044,0.99866945
5.541082164328657,170.13112352873904,3.0,165.05523558122974,False,97.60553,6.3313823,3.758437,5.09515,96.75765,0.9922999
5.569138276553106,172.72850075635708,3.0,172.67581227692474,False,98.302635,6.3853846,3.76759,5.155424,97.44224,0.9862271
5.597194388777556,175.352180314541,3.0,172.64491103016346,False,98.99912,6.439364,3.7768123,5.2154675,98.12682,0.9801916
5.625250501002004,178.00229470873424,3.0,176.9752718927426,False,99.69473,6.4931307,3.7860818,5.275067,98.803955,0.9741926
5.653306613226453,180.6789764443808,3.0,180.43421313532542,False,100.39035,6.5470634,3.7954383,5.334668,99.46084,0.96837944
5.681362725450901,183.382358026924,3.0,178.26540137887747,False,101.08597,6.6011834,3.8048832,5.394301,100.11618,0.96301836
5.709418837675351,186.11257196180787,3.0,181.26559694384585,False,101.77928,6.655724,3.814245,5.454374,100.77151,0.9579449
5.7374749498998,188.8697507544759,3.0,190.31595126105248,False,102.46875,6.7097993,3.8235397,5.5137963,101.426765,0.9529103
5.765531062124248,191.6540269103715,3.0,190.08587082186247,False,103.15822,6.7640567,3.8329258,5.5732527,102.077354,0.9479016
5.793587174348698,194.46553293493872,3.0,186.77129990947702,False,103.847694,6.8185043,3.8424037,5.6327558,102.72381,0.94291973
5.821643286573146,197.30440133362086,3.0,199.65893344344528,False,104.53528,6.874474,3.8515244,5.6942215,103.36094,0.93796366
5.849699398797595,200.17076461186196,3.0,200.98787387768468,False,105.21928,6.9329977,3.8598719,5.7591534,103.998055,0.933034
5.877755511022045,203.06475527510545,3.0,200.923130802996,False,105.90049,6.9936094,3.8674943,5.8269258,104.63519,0.92812985
5.905811623246493,205.98650582879483,3.0,202.0360151956201,False,106.58081,7.055286,3.874833,5.8959923,105.27231,0.92325187
5.933867735470942,208.93614877837413,3.0,211.44357246731715,False,107.26111,7.117164,3.8822484,5.9650793,105.90945,0.9187268
5.961923847695392,211.9138166292868,3.0,212.9618684969681,False,107.94106,7.178854,3.8897254,6.0337367,106.54655,0.9146298
5.98997995991984,214.91964188697634,3.0,222.06744873502856,False,108.61819,7.237711,3.897177,6.0988913,107.18366,0.91055113
6.018036072144289,217.95375705688676,3.0,219.21432285306156,False,109.29439,7.296976,3.9044213,6.164524,107.82079,0.90649056
6.046092184368737,221.01629464446134,3.0,222.17940406824738,False,109.96755,7.355912,3.9112978,6.229863,108.45792,0.9024477
6.074148296593187,224.10738715514412,3.0,223.60660336481843,False,110.63872,7.4140477,3.9181733,6.294126,109.09503,0.8985191
6.102204408817636,227.2271670943786,3.0,229.67749469598095,False,111.30974,7.472263,3.9251149,6.358316,109.73216,0.89484435
6.130260521042084,230.37576696760814,3.0,232.2510225713526,False,111.98015,7.529991,3.9320762,6.421802,110.369286,0.89126676
6.158316633266534,233.5533192802769,3.0,237.3084943059725,False,112.64929,7.5886292,3.9389133,6.486313,111.00642,0.88782084
6.186372745490981,236.7599565378281,3.0,235.19598778191624,False,113.316505,7.649703,3.945553,6.5536685,111.64354,0.8843885
6.214428857715431,239.9958112457058,3.0,238.68958882687392,False,113.98301,7.7117314,3.95211,6.622056,112.280655,0.880969
6.242484969939881,243.26101590935343,3.0,241.8237063966175,False,114.64951,7.7739143,3.9587455,6.690447,112.912415,0.8775628
6.270541082164328,246.55570303421447,3.0,248.92810819775144,False,115.314316,7.8360643,3.9649067,6.758951,113.544,0.8741699
6.298597194388778,249.88000512573296,3.0,254.37512844662317,False,115.97606,7.897243,3.9707909,6.8263655,114.174255,0.87079024
6.326653306613226,253.2340546893522,3.0,251.85753320990432,False,116.63705,7.958223,3.9767334,6.8933954,114.80368,0.8674274
6.354709418837675,256.6179842305162,3.0,255.3436630471369,False,117.29707,8.018887,3.9827337,6.959912,115.43309,0.864119
6.382765531062125,260.03192625466846,3.0,260.9741579262779,False,117.95707,8.079695,3.9888003,7.026446,116.0625,0.8608236
6.410821643286573,263.47601326725237,3.0,262.7387287672137,False,118.61708,8.140637,3.994938,7.0929856,116.69193,0.85754067
6.438877755511022,266.95037777371203,3.0,269.80653873313173,False,119.277084,8.20171,4.001145,7.15953,117.321335,0.8542704
6.46693386773547,270.45515227949073,3.0,263.6998204076336,False,119.93709,8.262922,4.007421,7.226095,117.95075,0.8510125
6.49498997995992,273.9904692900325,3.0,271.5103541492818,False,120.595535,8.322491,4.013726,7.290669,118.58018,0.8477671
6.523046092184369,277.5564613107807,3.0,275.2092123088964,False,121.253525,8.381702,4.02009,7.3547134,119.20959,0.8448203
6.551102204408817,281.15326084717896,3.0,274.1921928100205,False,121.911545,8.441034,4.026523,7.4187713,119.839,0.84245247
6.579158316633267,284.7810004046712,3.0,281.8900850715648,False,122.56956,8.500466,4.0330267,7.4828224,120.46839,0.8402293
6.607214428857716,288.43981248870097,3.0,285.6943441411632,False,123.22754,8.559979,4.0395985,7.5468473,121.0978,0.83801186
6.635270541082164,292.12982960471163,3.0,291.52651564115513,False,123.883766,8.620395,4.045307,7.6122727,121.727196,0.8358004
6.663326653306614,295.8511842581473,3.0,299.1900819331281,False,124.539734,8.681017,4.050949,7.6778827,122.356606,0.8335948
6.691382765531062,299.6040089544513,3.0,298.86882700087915,False,125.19568,8.7417345,4.056649,7.7434816,122.98602,0.83139485
6.719438877755511,303.38843619906754,3.0,300.2959950382541,False,125.85156,8.80252,4.062406,7.8090467,123.61542,0.8292548
6.747494989979961,307.2045984974396,3.0,307.033734873799,False,126.50745,8.86341,4.0682197,7.874619,124.24483,0.8272745
6.775551102204409,311.0526283550108,3.0,314.2001492193349,False,127.16333,8.924396,4.074093,7.9401894,124.87423,0.82529926
6.803607214428858,314.93265827722536,3.0,312.00478182888065,False,127.81856,8.98624,4.0798264,8.006718,125.50363,0.8233284
6.831663326653306,318.8448207695264,3.0,316.11309611776204,False,128.47354,9.048463,4.085546,8.073599,126.133026,0.8213625
6.859719438877756,322.7892483373581,3.0,324.4648952151808,False,129.12851,9.110786,4.0913267,8.140484,126.762436,0.8194011
6.887775551102205,326.76607348616386,3.0,326.10146513897143,False,129.7835,9.1732,4.0971665,8.207364,127.39184,0.8174445
6.915831663326653,330.7754287213871,3.0,332.7178827935155,False,130.43848,9.235716,4.1030684,8.274254,128.02122,0.81549245
6.943887775551103,334.8174465484719,3.0,334.776506173086,False,131.09349,9.298335,4.1090255,8.34116,128.65065,0.8135452
6.97194388777555,338.8922594728615,3.0,340.9972504171302,False,131.74852,9.361054,4.115042,8.408077,129.28003,0.8116025
7.0,343.0,3.0,339.89476565787805,False,132.40356,9.423859,4.1211176,8.474993,129.90793,0.80966455
